Община,Училище,БЕЛ 24,ДЗИ II 24,БЕЛ-УЧ. 24,ДЗИ II-УЧ. 24,БЕЛ 23,ДЗИ II 23,БЕЛ-УЧ. 23,ДЗИ II-УЧ. 23,БЕЛ 22,ДЗИ II 22,БЕЛ-УЧ. 22,ДЗИ II-УЧ. 22,БЕЛ 21,ДЗИ II 21,БЕЛ-УЧ. 21,ДЗИ II-УЧ. 21,БЕЛ 20,ДЗИ II 20,БЕЛ-УЧ. 20,ДЗИ II-УЧ. 20
СОФИЯ,Първа английска ЕГ,5.38,5.619,192.0,192.0,5.04,5.155,204.0,203.0,5.19,5.34,214.0,214.0,5.36,5.61,210.0,210.0,5.44,5.62,222.0,222.0
СОФИЯ,1 СУ Пенчо Славейков,4.87,5.209,106.0,104.0,4.33,4.801,102.0,101.0,4.3,4.651,91.0,91.0,4.36,4.64,87.0,86.0,4.54,4.46,73.0,73.0
СОФИЯ,Втора английска ЕГ,5.42,5.694,185.0,185.0,5.1,5.288,199.0,199.0,5.12,5.311,208.0,208.0,5.31,5.52,201.0,201.0,5.38,5.55,208.0,208.0
СОФИЯ,2 СУ Акад. Емилиян Станев,4.65,4.8,104.0,106.0,4.16,4.314,102.0,105.0,4.32,4.383,92.0,92.0,4.45,4.82,94.0,95.0,4.48,4.82,93.0,92.0
СОФИЯ,3 СУ Марин Дринов,3.68,4.458,29.0,27.0,3.03,3.783,25.0,24.0,2.98,3.307,20.0,19.0,3.41,3.93,27.0,25.0,3.39,3.81,22.0,24.0
СОФИЯ,5 вечерно СУ Пеньо Пенев,3.52,3.264,30.0,27.0,3.37,3.624,17.0,15.0,2.92,3.415,13.0,13.0,3.87,4.1,24.0,25.0,3.77,3.79,19.0,19.0
СОФИЯ,7 СУ Св. Седмочисленици,4.93,5.11,159.0,133.0,4.27,4.715,151.0,127.0,4.44,4.817,146.0,125.0,4.6,4.97,130.0,121.0,4.7,5.1,138.0,139.0
СОФИЯ,9 Френска ЕГ Алфонс дьо Ламартин,5.49,5.232,188.0,189.0,4.98,5.067,193.0,194.0,5.2,4.783,207.0,208.0,5.26,5.22,202.0,203.0,5.45,5.33,196.0,196.0
СОФИЯ,10 СУ Теодор Траянов,3.69,3.949,21.0,21.0,,,,,,,,,3.76,3.86,15.0,14.0,3.86,3.9,13.0,13.0
СОФИЯ,12 СУ Цар Иван Асен II,4.98,5.173,71.0,71.0,4.45,4.757,76.0,74.0,4.37,4.758,70.0,71.0,4.55,4.73,68.0,67.0,4.48,4.66,75.0,75.0
СОФИЯ,14 СУ Проф. Д-р Асен Златаров,3.99,4.476,22.0,16.0,3.27,3.724,16.0,15.0,4.09,4.397,18.0,18.0,,,,,3.8,4.0,24.0,24.0
СОФИЯ,15 СУ Адам Мицкевич,3.54,3.336,21.0,22.0,3.21,3.101,20.0,18.0,3.1,3.155,12.0,12.0,3.43,3.54,14.0,15.0,3.46,3.61,21.0,22.0
СОФИЯ,17 СУ Дамян Груев,4.34,3.514,19.0,22.0,,2.26,,6.0,4.08,2.87,20.0,20.0,,,,,,,,
СОФИЯ,18 СУ Уилям Гладстон,5.18,5.423,211.0,209.0,4.72,5.2,209.0,208.0,4.97,5.193,209.0,212.0,5.05,5.13,217.0,217.0,5.17,5.15,208.0,209.0
СОФИЯ,19 СУ Елин Пелин,4.81,4.764,75.0,75.0,4.26,4.641,73.0,73.0,4.52,4.767,68.0,69.0,4.57,4.82,71.0,71.0,4.57,4.67,65.0,66.0
СОФИЯ,21 СУ Христо Ботев,4.46,4.658,51.0,51.0,4.23,4.436,37.0,36.0,4.27,4.326,46.0,46.0,4.6,4.97,45.0,44.0,4.34,4.63,33.0,33.0
СОФИЯ,22 СЕУ Георги С. Раковски,5.28,5.272,166.0,166.0,4.79,5.245,170.0,170.0,5.05,5.188,175.0,175.0,5.17,5.25,161.0,161.0,5.21,5.25,153.0,153.0
СОФИЯ,23 СУ Фредерик Жолио-Кюри,4.26,4.5,86.0,83.0,3.76,4.443,68.0,68.0,3.93,4.061,52.0,52.0,4.08,4.38,76.0,76.0,4.28,4.53,70.0,70.0
СОФИЯ,24 СУ Пейо К. Яворов,2.22,2.207,10.0,5.0,2.14,2.506,11.0,8.0,2.0,2.276,7.0,5.0,3.21,3.18,19.0,17.0,3.18,3.29,14.0,14.0
СОФИЯ,26 СУ Йордан Йовков,3.94,3.183,19.0,18.0,3.34,,2.0,,3.72,3.727,13.0,13.0,4.02,4.24,12.0,13.0,4.01,4.45,23.0,23.0
СОФИЯ,27 СУ Акад. Георги Караславов,3.98,3.235,4.0,4.0,3.3,2.0,4.0,3.0,3.04,3.073,12.0,13.0,,,,,,,,
СОФИЯ,28 СУ Алеко Константинов,3.05,2.809,25.0,21.0,3.11,3.492,22.0,20.0,3.28,3.68,21.0,21.0,3.6,3.83,17.0,19.0,3.72,4.09,18.0,17.0
СОФИЯ,29 СУ Кузман Шапкарев,4.14,3.927,23.0,23.0,3.57,2.908,10.0,10.0,4.11,5.49,6.0,5.0,3.54,3.68,33.0,35.0,3.6,3.68,36.0,36.0
СОФИЯ,30 СУ Братя Миладинови,4.82,5.041,77.0,77.0,4.41,4.741,80.0,83.0,4.46,4.304,69.0,69.0,4.78,4.83,60.0,61.0,4.78,4.91,50.0,50.0
СОФИЯ,31 СУ Иван Вазов,5.29,5.269,131.0,133.0,4.87,5.047,129.0,130.0,5.04,4.946,160.0,160.0,5.12,5.23,151.0,151.0,5.2,5.23,162.0,162.0
СОФИЯ,32 СУ Св. Климент Охридски,5.18,5.387,157.0,156.0,4.8,5.075,156.0,156.0,4.96,5.141,154.0,154.0,5.25,5.56,162.0,162.0,5.19,5.25,157.0,157.0
СОФИЯ,33 ЕГ Света София,4.6,4.35,124.0,127.0,4.04,4.401,94.0,94.0,4.51,4.258,69.0,69.0,4.67,4.93,57.0,57.0,4.6,4.54,55.0,55.0
СОФИЯ,35 СЕУ Добри Войников,5.4,4.809,131.0,131.0,5.09,4.782,131.0,132.0,5.18,4.569,133.0,133.0,5.31,4.97,121.0,121.0,5.42,5.06,127.0,127.0
СОФИЯ,36 СУ Максим Горки,4.17,4.2,50.0,50.0,3.91,5.104,27.0,27.0,3.77,3.635,19.0,19.0,4.08,4.37,33.0,33.0,4.03,4.3,37.0,37.0
СОФИЯ,37 СУ Райна Княгиня,2.99,2.809,14.0,14.0,2.35,2.428,14.0,16.0,2.42,2.562,12.0,9.0,3.11,3.33,14.0,14.0,3.45,3.77,19.0,20.0
СОФИЯ,39 СУ Петър Динеков,3.84,3.567,27.0,31.0,3.18,3.215,20.0,26.0,3.3,3.011,18.0,17.0,3.64,3.39,1.0,1.0,4.59,4.9,15.0,15.0
СОФИЯ,40 СУ Луи Пастьор,4.05,3.451,25.0,26.0,3.63,3.659,10.0,9.0,4.13,3.961,14.0,12.0,4.03,3.94,13.0,13.0,3.8,3.61,10.0,10.0
СОФИЯ,44 СУ Неофит Бозвели,4.21,3.346,41.0,48.0,3.69,3.119,40.0,43.0,4.16,3.774,31.0,31.0,4.51,4.54,18.0,18.0,4.22,4.09,17.0,18.0
СОФИЯ,47 СУ Христо Г. Данов,4.17,3.938,29.0,29.0,3.69,3.648,18.0,20.0,3.04,2.634,16.0,14.0,3.67,3.95,32.0,35.0,3.77,3.87,29.0,30.0
СОФИЯ,51 СУ Елисавета Багряна,5.08,5.019,81.0,83.0,4.3,4.433,91.0,91.0,4.41,3.799,87.0,88.0,4.58,4.97,91.0,90.0,4.8,5.02,85.0,85.0
СОФИЯ,54 СУ Св. Иван Рилски,4.16,3.913,53.0,58.0,3.71,3.547,35.0,35.0,4.14,4.373,67.0,68.0,4.28,4.53,79.0,79.0,4.37,4.55,21.0,21.0
СОФИЯ,55 СУ Петко Каравелов,4.2,4.137,44.0,44.0,3.5,3.606,23.0,26.0,3.58,3.275,19.0,19.0,,,,,,,,
СОФИЯ,56 СУ Проф. Константин Иречек,4.23,4.161,45.0,49.0,3.82,3.803,33.0,36.0,4.33,4.156,41.0,41.0,4.61,4.76,26.0,25.0,4.29,4.3,33.0,34.0
СОФИЯ,66 СУ Филип Станиславов,3.03,3.011,9.0,8.0,3.18,4.092,6.0,7.0,2.59,3.335,9.0,8.0,3.31,3.31,16.0,17.0,3.31,3.42,12.0,12.0
СОФИЯ,68 СУ Акад. Никола Обрешков,3.92,3.72,32.0,28.0,3.1,3.16,21.0,17.0,3.46,4.026,21.0,21.0,3.43,3.46,18.0,18.0,3.4,3.69,18.0,18.0
СОФИЯ,69 СУ Димитър Маринов,3.95,3.553,13.0,13.0,3.09,3.17,5.0,5.0,,,,,,,,,3.97,4.35,11.0,10.0
СОФИЯ,71 СУ Пейо Яворов,3.28,3.985,25.0,22.0,3.38,3.546,16.0,16.0,2.79,3.47,12.0,11.0,3.5,3.86,21.0,19.0,3.95,4.12,11.0,11.0
СОФИЯ,73 СУ Владислав Граматик,5.56,5.11,108.0,109.0,5.23,5.079,145.0,143.0,5.43,5.165,121.0,121.0,5.58,5.24,153.0,153.0,5.63,5.54,123.0,122.0
СОФИЯ,74 СУ Гоце Делчев,3.82,3.9,48.0,45.0,3.15,3.237,29.0,29.0,3.1,2.882,23.0,23.0,3.76,3.88,30.0,29.0,3.82,4.18,42.0,42.0
СОФИЯ,78 СУ Христо Смирненски,4.24,4.62,22.0,21.0,3.15,3.22,15.0,15.0,3.51,3.217,31.0,30.0,3.83,4.28,19.0,18.0,3.64,3.73,31.0,31.0
СОФИЯ,79 СУ Индира Ганди,4.06,3.65,29.0,30.0,2.85,2.916,29.0,33.0,3.41,3.117,22.0,21.0,4.11,4.38,25.0,25.0,3.65,4.04,28.0,27.0
СОФИЯ,81 СУ Виктор Юго,4.57,4.458,57.0,57.0,3.79,4.15,36.0,36.0,4.22,4.057,22.0,22.0,4.33,4.53,43.0,44.0,4.08,4.16,34.0,34.0
СОФИЯ,85 СУ Отец Паисий,3.2,3.311,17.0,18.0,2.7,2.711,30.0,26.0,2.77,2.697,24.0,21.0,3.33,3.65,22.0,18.0,3.11,3.34,16.0,16.0
СОФИЯ,88 СУ Димитър Попниколов,3.99,3.581,24.0,23.0,3.79,3.598,25.0,25.0,3.61,3.889,36.0,36.0,3.97,4.45,36.0,36.0,4.33,4.57,46.0,46.0
СОФИЯ,90 СУ Ген. Хосе де Сан Мартин,3.65,3.32,16.0,18.0,3.55,3.882,17.0,18.0,3.75,3.142,16.0,15.0,3.99,3.85,14.0,14.0,3.64,3.88,19.0,19.0
СОФИЯ,91 немска ЕГ,5.7,5.819,183.0,157.0,5.43,5.715,192.0,176.0,5.5,5.739,184.0,159.0,5.63,5.63,187.0,167.0,5.7,5.75,192.0,167.0
СОФИЯ,93 СУ Ал. Теодоров - Балан,4.44,3.805,46.0,46.0,3.71,3.711,44.0,44.0,3.64,3.701,39.0,39.0,3.69,3.96,18.0,18.0,3.56,3.64,15.0,18.0
СОФИЯ,94 СУ Д. Страшимиров,2.7,3.217,31.0,37.0,2.28,3.113,35.0,38.0,2.39,3.86,32.0,30.0,3.24,3.52,33.0,23.0,3.09,3.23,29.0,16.0
СОФИЯ,95 СУ Проф. Иван Шишманов,3.98,3.706,57.0,66.0,3.48,3.303,49.0,50.0,3.96,3.734,38.0,36.0,4.01,4.36,49.0,49.0,3.91,3.99,49.0,50.0
СОФИЯ,96 СУ Лев Николаевич Толстой,4.6,4.263,26.0,26.0,3.3,3.207,24.0,24.0,3.91,3.762,34.0,35.0,4.31,4.35,45.0,46.0,4.41,4.52,42.0,42.0
СОФИЯ,97 СУ Братя Миладинови,4.02,3.913,54.0,55.0,3.59,3.896,48.0,47.0,3.63,3.823,36.0,36.0,3.76,4.38,38.0,38.0,3.97,4.13,50.0,51.0
СОФИЯ,101 СУ Бачо Киро,3.84,3.887,46.0,47.0,3.42,3.699,35.0,33.0,3.69,3.913,27.0,26.0,3.93,4.33,41.0,41.0,4.15,4.23,44.0,44.0
СОФИЯ,105 СУ Атанас Далчев,4.67,4.513,76.0,81.0,4.0,4.436,72.0,74.0,4.24,4.314,69.0,69.0,4.23,4.41,63.0,63.0,4.16,4.4,54.0,55.0
СОФИЯ,108 СУ Никола Беловеждов,4.18,4.273,49.0,50.0,3.39,3.61,25.0,25.0,3.66,3.363,24.0,24.0,3.89,4.06,18.0,18.0,3.95,4.0,44.0,44.0
СОФИЯ,113 СУ Сава Филаретов,2.57,2.822,7.0,5.0,2.0,2.0,6.0,7.0,2.17,2.0,6.0,6.0,3.16,2.99,6.0,6.0,2.76,2.84,2.0,1.0
СОФИЯ,117 СУ Св. Св. Кирил и Методий,3.58,3.232,24.0,28.0,2.71,2.475,13.0,20.0,3.12,2.373,23.0,23.0,3.58,3.84,22.0,21.0,3.75,3.79,20.0,20.0
СОФИЯ,118 СУ Акад. Людмил Стоянов,4.15,3.536,44.0,50.0,3.4,3.057,22.0,28.0,3.69,3.429,20.0,20.0,4.01,4.59,24.0,24.0,4.26,4.19,14.0,14.0
СОФИЯ,119 СУ Акад. Михаил Арнаудов,4.88,4.655,108.0,110.0,4.17,4.305,107.0,107.0,4.64,4.545,105.0,105.0,4.58,4.87,93.0,93.0,4.59,4.84,92.0,92.0
СОФИЯ,121 СУ Георги Измирлиев,4.12,3.877,45.0,47.0,3.54,3.014,20.0,20.0,3.51,,1.0,,3.49,4.01,18.0,17.0,3.77,4.1,16.0,16.0
СОФИЯ,123 СУ Стефан Стамболов,3.43,3.399,27.0,26.0,2.46,4.25,9.0,6.0,2.95,2.818,14.0,16.0,3.26,3.26,16.0,17.0,3.44,3.34,9.0,7.0
СОФИЯ,125 СУИЧЕ Боян Пенев,4.59,4.565,42.0,42.0,4.26,4.638,33.0,32.0,4.78,4.988,38.0,38.0,,,,,,,,
СОФИЯ,127 СУ Иван Николаевич Денкоглу,4.99,4.929,150.0,154.0,4.53,4.596,129.0,129.0,4.6,4.808,118.0,117.0,4.74,4.84,131.0,131.0,4.97,5.01,132.0,132.0
СОФИЯ,128 СУ Алберт Айнщайн,3.96,4.86,56.0,52.0,3.56,4.436,41.0,40.0,3.93,4.569,42.0,42.0,4.02,4.34,50.0,51.0,3.97,4.23,42.0,42.0
СОФИЯ,130 СУ Стефан Караджа,2.36,2.556,3.0,3.0,2.44,2.5,14.0,10.0,2.44,2.68,13.0,13.0,3.41,3.58,13.0,13.0,3.52,3.52,16.0,16.0
СОФИЯ,131 СУ Климент Аркад. Тимирязев,3.81,4.059,2.0,1.0,,,,,2.87,3.239,11.0,11.0,3.9,4.02,19.0,17.0,3.92,3.85,15.0,15.0
СОФИЯ,132 СУ Ваня Войнова,3.7,3.572,64.0,61.0,3.33,3.412,53.0,56.0,3.25,3.432,48.0,46.0,3.95,4.24,62.0,63.0,4.06,4.19,51.0,51.0
СОФИЯ,133 СУ Александър Сергеевич Пушкин,5.37,5.426,102.0,103.0,4.96,5.126,102.0,102.0,5.18,5.146,100.0,101.0,5.25,5.22,105.0,105.0,5.34,5.27,105.0,105.0
СОФИЯ,134 СУ Димчо Дебелянов,5.23,5.181,74.0,75.0,4.66,4.788,73.0,73.0,5.0,5.056,78.0,77.0,4.84,5.37,78.0,78.0,4.9,5.14,75.0,76.0
СОФИЯ,135 СУ Ян Амос Коменски,3.82,5.14,21.0,21.0,3.39,4.6,9.0,9.0,3.68,5.13,14.0,14.0,4.14,4.23,19.0,18.0,4.11,4.26,21.0,20.0
СОФИЯ,137 СУ Ангел Кънчев,4.26,3.736,85.0,98.0,3.75,3.359,66.0,77.0,3.92,3.263,59.0,59.0,4.39,4.85,42.0,42.0,4.23,4.45,70.0,71.0
СОФИЯ,138 СУ Проф. Васил Златарски,5.07,5.168,104.0,104.0,4.41,4.899,101.0,104.0,4.48,4.693,97.0,96.0,4.37,4.43,103.0,104.0,4.47,4.55,92.0,93.0
СОФИЯ,140 СУ Иван Богоров,3.82,3.327,36.0,36.0,3.48,4.096,24.0,23.0,2.87,2.788,21.0,18.0,3.56,3.74,30.0,28.0,3.64,3.7,31.0,31.0
СОФИЯ,144 СУ Народни будители,4.15,4.45,80.0,78.0,3.74,4.19,67.0,68.0,3.92,4.065,63.0,63.0,4.1,4.23,67.0,68.0,4.3,4.21,45.0,45.0
СОФИЯ,149 СУ Иван Хаджийски,3.83,3.473,26.0,32.0,3.34,2.979,27.0,30.0,3.38,2.852,13.0,13.0,3.42,3.35,19.0,20.0,3.82,3.66,15.0,16.0
СОФИЯ,157 СУ Сесар Вайехо,4.85,5.199,114.0,114.0,4.37,5.004,95.0,95.0,4.54,5.052,93.0,93.0,4.88,4.87,95.0,95.0,5.07,4.94,98.0,98.0
СОФИЯ,164 СУ Мигел де Сервантес,5.66,5.453,134.0,133.0,5.37,5.356,169.0,169.0,5.4,5.302,178.0,178.0,5.62,5.67,149.0,149.0,5.56,5.55,138.0,138.0
СОФИЯ,170 СУ Васил Левски,3.92,4.405,46.0,46.0,3.76,3.564,38.0,36.0,3.85,3.781,29.0,29.0,4.13,4.34,38.0,38.0,4.03,3.95,39.0,41.0
СОФИЯ,192 СУ Христо Ботев,3.35,2.856,32.0,29.0,2.9,3.501,18.0,18.0,,,,,3.48,4.22,12.0,12.0,3.81,4.32,12.0,12.0
СОФИЯ,203 Профилирана ЕГ Свети Методий,3.85,3.861,72.0,74.0,3.45,3.64,40.0,37.0,3.59,3.775,47.0,47.0,4.05,4.3,20.0,21.0,4.26,4.47,23.0,26.0
СОФИЯ,Софийска гимназия по хлебни/сладкарски технологии,3.54,5.044,28.0,24.0,3.15,4.412,24.0,19.0,3.03,4.53,26.0,23.0,3.35,3.44,27.0,23.0,3.67,3.71,48.0,38.0
СОФИЯ,Гимназия за приложни изкуства Св. Лука,4.74,5.18,96.0,96.0,4.36,4.93,97.0,98.0,4.47,4.73,90.0,89.0,4.52,4.95,98.0,38.0,4.6,4.85,91.0,46.0
СОФИЯ,"Гимназия по строителство, архитектура и геодезия",4.92,4.477,187.0,187.0,4.32,4.38,168.0,170.0,4.63,4.424,182.0,182.0,4.94,4.79,178.0,168.0,4.88,4.45,178.0,169.0
СОФИЯ,Софийска духовна семинария,3.73,3.48,11.0,11.0,3.26,3.24,13.0,13.0,3.23,3.32,11.0,11.0,4.03,4.67,9.0,9.0,3.89,3.95,9.0,10.0
СОФИЯ,Специално училище за ученици с нарушено зрение Луи Брайл,,3.19,,1.0,3.79,3.3,6.0,6.0,4.03,3.405,6.0,6.0,5.31,4.58,3.0,3.0,5.6,5.71,2.0,2.0
СОФИЯ,Национално СУ София,3.94,3.76,42.0,41.0,3.65,3.522,31.0,32.0,3.43,3.256,19.0,18.0,3.7,4.27,29.0,29.0,4.04,4.24,37.0,37.0
СОФИЯ,Национална гимназия за древни езици и култури,5.59,5.063,73.0,73.0,5.06,4.561,78.0,78.0,5.07,5.083,75.0,75.0,5.36,5.24,70.0,70.0,5.3,5.23,73.0,73.0
СОФИЯ,Национално музикално училище,4.36,4.52,76.0,79.0,4.21,4.66,73.0,72.0,4.27,4.96,80.0,78.0,4.74,5.07,62.0,32.0,4.62,4.64,68.0,31.0
СОФИЯ,НПМГ Акад. Любомир Чакалов,5.43,5.283,240.0,241.0,5.0,4.888,246.0,248.0,5.24,4.86,244.0,244.0,5.17,5.4,237.0,238.0,5.28,5.49,234.0,234.0
СОФИЯ,НУКК (Италиански лицей),5.11,5.355,51.0,51.0,4.6,4.745,54.0,54.0,4.86,4.754,49.0,49.0,5.17,5.22,50.0,50.0,5.2,5.38,49.0,49.0
СОФИЯ,ПГ за изобразителни изкуства,4.56,5.21,26.0,26.0,4.1,5.21,26.0,26.0,4.04,4.902,38.0,39.0,4.34,4.18,29.0,2.0,4.28,,26.0,
СОФИЯ,Софийска ПГ Княгиня Евдокия,3.73,4.54,94.0,85.0,3.1,4.356,51.0,53.0,3.1,4.59,27.0,25.0,3.45,3.81,39.0,3.0,3.52,3.44,42.0,11.0
СОФИЯ,"ПГ по аудио, видое и телекомуникация",3.91,4.754,155.0,144.0,3.52,4.822,157.0,149.0,3.65,4.368,105.0,98.0,3.79,4.12,123.0,77.0,3.97,4.12,98.0,92.0
СОФИЯ,ПГ по дизайн Елисавета Вазова,4.63,5.29,121.0,121.0,4.04,5.268,91.0,94.0,4.13,5.07,91.0,92.0,4.19,4.82,50.0,5.0,4.21,4.03,62.0,25.0
СОФИЯ,ПГ по екология и биотехнологии,4.21,3.88,74.0,72.0,3.73,4.53,50.0,51.0,4.24,4.56,47.0,46.0,4.21,4.09,50.0,36.0,4.29,4.43,49.0,48.0
СОФИЯ,ПГ по електроника Джон Атанасов,4.85,5.205,201.0,201.0,4.3,5.366,234.0,236.0,4.37,4.97,249.0,247.0,4.58,4.67,225.0,223.0,4.58,4.85,186.0,187.0
СОФИЯ,ПГ по електротехника и автоматика,4.19,4.92,114.0,112.0,3.74,4.72,108.0,104.0,4.0,5.018,83.0,82.0,4.09,4.52,132.0,75.0,4.18,4.58,134.0,102.0
СОФИЯ,ПГ по механоелектротехника,3.04,2.98,41.0,35.0,2.72,3.54,49.0,38.0,2.74,3.58,29.0,27.0,3.47,3.87,46.0,46.0,3.23,3.38,29.0,31.0
СОФИЯ,ПГ по облекло,4.22,5.32,64.0,60.0,3.69,5.05,61.0,59.0,3.74,5.26,53.0,52.0,4.02,3.62,42.0,9.0,3.87,4.58,42.0,5.0
СОФИЯ,"ПГ по подемна, строителна и транспортна техника",2.82,3.28,33.0,26.0,2.14,4.04,15.0,11.0,2.39,3.52,8.0,6.0,3.18,3.82,32.0,8.0,3.09,2.8,27.0,6.0
СОФИЯ,ПГ по полиграфия и фотография,4.65,5.39,107.0,105.0,4.44,5.3,101.0,101.0,4.37,4.9,103.0,103.0,4.57,3.14,135.0,1.0,4.36,,108.0,
СОФИЯ,ПГ по прецизна техника и оптика,4.45,4.65,172.0,171.0,4.18,4.79,180.0,177.0,4.13,4.62,182.0,181.0,4.42,4.65,181.0,166.0,4.52,4.56,195.0,177.0
СОФИЯ,ПГ по селско стопанство,3.25,4.3,5.0,5.0,2.0,2.985,8.0,7.0,2.37,2.0,4.0,5.0,3.12,3.67,13.0,2.0,2.92,2.57,6.0,1.0
СОФИЯ,ПГ по текстилни и кожени изделия,3.73,5.28,9.0,13.0,2.52,4.288,19.0,20.0,2.65,3.884,18.0,18.0,3.08,3.26,13.0,2.0,2.72,2.85,17.0,4.0
СОФИЯ,ПГ по телекомуникации,4.54,4.725,184.0,182.0,3.74,4.78,175.0,176.0,4.13,4.62,156.0,159.0,4.25,4.67,181.0,165.0,4.33,4.66,157.0,149.0
СОФИЯ,ПГ по транспорт и енергетика,3.55,3.267,239.0,242.0,3.19,3.189,187.0,169.0,3.38,3.03,133.0,137.0,3.6,3.87,126.0,72.0,3.81,3.99,114.0,84.0
СОФИЯ,ПГ по транспорт Макгахан,3.51,3.621,70.0,71.0,3.09,3.617,54.0,54.0,3.27,4.08,35.0,36.0,3.54,3.68,52.0,48.0,3.49,3.72,62.0,50.0
СОФИЯ,ПГ по транспорт,3.92,5.61,21.0,18.0,3.17,4.54,42.0,34.0,3.39,4.34,37.0,28.0,3.36,3.67,41.0,35.0,3.37,3.56,40.0,34.0
СОФИЯ,Софийска ПГ по туризъм,4.22,5.2,183.0,179.0,3.74,5.19,170.0,168.0,3.98,5.052,172.0,170.0,4.22,4.7,174.0,39.0,4.26,4.57,167.0,40.0
СОФИЯ,ПГ по хранително-вкусови технологии,3.83,4.48,39.0,36.0,2.81,4.31,49.0,37.0,2.75,3.87,43.0,43.0,3.56,3.92,60.0,20.0,3.34,3.68,41.0,16.0
СОФИЯ,ПГ по туризъм А. Константинов,3.49,4.79,85.0,74.0,3.12,4.801,86.0,73.0,3.13,4.374,78.0,75.0,3.71,4.38,91.0,9.0,3.65,4.3,83.0,24.0
СОФИЯ,Румънска гимназия Михай Еминеску,4.25,4.692,27.0,26.0,3.83,4.81,30.0,30.0,4.22,4.639,40.0,39.0,4.72,4.82,26.0,26.0,4.71,4.68,24.0,24.0
СОФИЯ,СМГ Паисий Хилендарски,5.76,5.757,161.0,161.0,5.36,5.188,166.0,167.0,5.38,5.558,176.0,176.0,5.42,5.68,169.0,169.0,5.48,5.74,165.0,165.0
СОФИЯ,IV сменно-вечерна гимназия,3.68,3.913,59.0,53.0,3.54,3.678,57.0,52.0,3.67,3.824,47.0,45.0,3.76,3.91,96.0,97.0,3.84,3.98,72.0,73.0
СОФИЯ,166 спортно у-ще Васил Левски,4.05,5.195,82.0,75.0,3.6,5.363,95.0,86.0,3.22,4.875,74.0,69.0,3.69,4.29,91.0,9.0,3.85,3.84,83.0,28.0
СОФИЯ,Спортно у-ще ген. Владимир Стойчев,3.69,5.111,101.0,96.0,3.46,5.12,77.0,78.0,3.55,4.845,89.0,89.0,3.77,4.12,99.0,53.0,3.88,4.2,98.0,47.0
СОФИЯ,153 спортно у-ще Неофит Рилски,3.61,4.98,44.0,38.0,2.97,4.552,58.0,54.0,3.01,4.601,65.0,64.0,3.4,3.69,50.0,6.0,3.55,3.15,51.0,2.0
СОФИЯ,57 спортно у-ще Св. Наум Охридски,3.39,3.61,58.0,49.0,2.96,4.672,60.0,52.0,2.87,4.62,71.0,70.0,3.5,4.03,75.0,18.0,3.49,3.67,80.0,37.0
СОФИЯ,ТУЕС към Технически Университет,5.2,5.17,94.0,94.0,4.76,4.81,105.0,106.0,4.95,4.89,88.0,86.0,5.11,5.22,92.0,91.0,5.06,5.27,98.0,98.0
СОФИЯ,Търговско-банкова гимназия,5.12,5.77,260.0,260.0,4.63,5.7,272.0,273.0,4.76,5.69,286.0,287.0,4.87,4.85,256.0,70.0,5.0,5.0,236.0,74.0
СОФИЯ,Училище за изящни изкуства,4.92,5.262,54.0,57.0,4.35,5.139,53.0,53.0,4.63,4.44,51.0,51.0,4.64,4.03,53.0,5.0,4.62,4.88,51.0,2.0
СОФИЯ,Училище за танцово изкуство,4.3,5.1,84.0,79.0,3.87,4.97,58.0,57.0,4.13,5.06,56.0,56.0,4.45,,65.0,,4.37,,57.0,
СОФИЯ,Специално училище за ученици с увреден слух,,3.549,,6.0,2.92,4.27,7.0,10.0,2.84,3.95,2.0,4.0,2.35,,4.0,,,,,
СОФИЯ,Финансово-стопанска гимназия,5.04,5.024,191.0,189.0,4.57,4.834,159.0,158.0,4.77,5.28,175.0,175.0,4.85,4.94,207.0,150.0,5.05,4.97,196.0,174.0
СОФИЯ,ЧСУ с чуждоезиков профил Абрахам Линкълн,5.61,5.73,5.0,5.0,4.78,5.54,2.0,2.0,4.07,4.66,6.0,6.0,,,,,4.67,5.49,3.0,3.0
СОФИЯ,Американски колеж,5.55,5.701,185.0,185.0,5.16,5.354,178.0,178.0,5.33,5.582,152.0,152.0,5.52,5.67,161.0,162.0,5.59,5.74,154.0,154.0
СОФИЯ,ЧСУ Артис,4.71,5.22,1.0,1.0,3.93,4.273,5.0,5.0,4.62,4.83,6.0,6.0,,,,,,,,
СОФИЯ,ЧПГ Банкер,,,,,4.7,5.88,8.0,8.0,4.86,5.84,6.0,6.0,4.63,,12.0,,4.64,,13.0,
СОФИЯ,ЧПГ по банково дело търговия и финанси,3.97,4.99,10.0,10.0,3.89,5.16,13.0,13.0,,,,,,,,,4.07,4.46,7.0,2.0
СОФИЯ,ЧСЕУ Британика,5.11,5.45,29.0,28.0,4.36,4.96,13.0,13.0,4.83,5.02,11.0,11.0,4.74,4.78,13.0,13.0,4.51,5.27,15.0,15.0
СОФИЯ,ЧЕГ Проф. д-р В. Златарски,5.07,5.29,58.0,59.0,4.53,5.21,38.0,38.0,4.62,5.08,44.0,44.0,4.91,5.54,41.0,41.0,5.09,5.64,44.0,44.0
СОФИЯ,ЧСУ с немски език Веда,5.44,5.9,4.0,4.0,4.57,5.9,8.0,8.0,5.85,5.834,5.0,5.0,5.15,5.42,11.0,11.0,4.7,5.16,8.0,8.0
СОФИЯ,ЧЕСУ Дорис Тенеди,5.44,5.581,31.0,31.0,4.94,5.504,36.0,36.0,5.0,5.44,27.0,26.0,5.15,5.44,27.0,27.0,5.3,5.73,22.0,22.0
СОФИЯ,ЧСУ Дружба,4.54,4.789,21.0,21.0,4.24,4.388,20.0,21.0,4.28,4.86,27.0,27.0,4.48,4.87,30.0,30.0,4.62,4.93,23.0,23.0
СОФИЯ,ЧПГ с чуждоезиково обучение Езиков свят,4.07,4.062,14.0,14.0,3.8,4.118,15.0,15.0,4.26,4.575,6.0,6.0,4.63,4.96,14.0,14.0,4.01,4.21,7.0,7.0
СОФИЯ,ЧНГ Ерих Кестнер,5.19,5.643,16.0,16.0,4.44,5.79,11.0,11.0,4.73,5.459,14.0,14.0,5.1,5.33,15.0,15.0,5.39,5.46,10.0,10.0
СОФИЯ,ЧЕГ Проф. Иван Апостолов,5.2,5.63,75.0,75.0,4.71,5.229,53.0,53.0,4.73,5.33,43.0,43.0,5.14,5.67,38.0,38.0,4.89,5.54,37.0,38.0
СОФИЯ,"ЧПГ по икономика, туризъм и информатика",3.96,5.41,34.0,33.0,3.54,5.47,22.0,22.0,3.55,5.828,5.0,8.0,3.66,,12.0,,3.91,,10.0,
СОФИЯ,ЧПГ Меридиан 22,5.06,5.33,8.0,9.0,4.66,4.82,16.0,16.0,4.93,5.07,15.0,15.0,5.04,5.46,24.0,24.0,5.37,5.61,10.0,10.0
СОФИЯ,ЧСУ Проф. Николай Райнов,4.21,4.55,9.0,9.0,,,,,4.02,4.84,4.0,4.0,,,,,,,,
СОФИЯ,ЧПГ Образователни технологии,4.77,5.188,37.0,37.0,4.3,4.982,36.0,36.0,4.47,4.881,34.0,34.0,4.44,4.89,39.0,39.0,4.59,4.71,45.0,45.0
СОФИЯ,ЧСУ Орфей,4.14,3.693,3.0,3.0,4.19,5.06,3.0,4.0,4.42,4.578,7.0,7.0,4.13,4.75,4.0,4.0,3.74,4.84,6.0,5.0
СОФИЯ,ЧСУ Петко Рачов Славейков,4.3,4.41,6.0,6.0,,,,,,,,,,,,,,,,
СОФИЯ,ЧГ по прир. науки и предпр. Асен Йорданов,4.86,5.34,8.0,8.0,,,,,4.8,5.73,1.0,1.0,,,,,,,,
СОФИЯ,Първа частна английска гимназия,4.41,4.82,21.0,21.0,4.29,4.912,17.0,17.0,4.38,4.932,20.0,20.0,4.37,5.06,28.0,28.0,4.49,5.17,16.0,15.0
СОФИЯ,Първа Частна Математическа Гимназия,5.39,5.64,26.0,26.0,5.17,4.834,19.0,19.0,5.37,5.414,23.0,23.0,5.45,5.78,14.0,14.0,5.55,5.78,18.0,18.0
СОФИЯ,ЧСУ Рьорих,5.15,4.61,3.0,3.0,4.46,4.88,3.0,3.0,4.34,5.36,5.0,5.0,4.06,4.41,5.0,5.0,4.47,4.55,9.0,9.0
СОФИЯ,ЧСУ Свети Георги,4.93,5.83,20.0,20.0,4.54,5.796,15.0,15.0,4.76,5.92,9.0,11.0,4.45,5.86,3.0,3.0,,,,
СОФИЯ,ЧПСУ Свети Наум,4.38,4.583,7.0,6.0,3.24,3.95,6.0,6.0,,,,,3.73,3.26,3.0,3.0,4.55,4.61,4.0,5.0
СОФИЯ,ЧПГ по дигитални науки СофтУни Светлина,4.65,4.906,73.0,73.0,4.29,4.82,60.0,57.0,,,,,,,,,,,,
СОФИЯ,ЧСУ Увекинд,4.85,5.551,37.0,36.0,4.51,5.32,26.0,26.0,4.75,5.44,22.0,23.0,4.83,5.63,12.0,12.0,5.15,5.65,21.0,21.0
ПЛОВДИВ,Пловдивска духовна семинария,3.97,3.35,11.0,11.0,4.32,3.26,2.0,3.0,3.75,4.37,4.0,4.0,3.8,3.45,9.0,10.0,4.17,3.73,8.0,11.0
ПЛОВДИВ,ЕГ Иван Вазов,5.47,5.086,234.0,234.0,5.06,4.843,227.0,227.0,5.18,5.03,236.0,236.0,5.3,5.18,235.0,235.0,5.4,5.2,237.0,237.0
ПЛОВДИВ,ЕГ Пловдив,5.55,5.594,263.0,263.0,5.21,5.465,273.0,275.0,5.32,5.475,267.0,267.0,5.34,5.47,270.0,270.0,5.43,5.62,266.0,266.0
ПЛОВДИВ,МГ Акад. Кирил Попов,5.43,5.305,210.0,210.0,5.08,4.823,214.0,215.0,5.17,5.109,202.0,202.0,5.18,5.17,212.0,209.0,5.26,5.25,212.0,210.0
ПЛОВДИВ,НУМТИ Добрин Петков,4.99,4.93,32.0,33.0,4.17,4.48,23.0,23.0,4.44,4.65,20.0,20.0,4.57,4.37,26.0,2.0,4.58,4.73,26.0,9.0
ПЛОВДИВ,ПГ по архитектура строителство и геодезия,4.48,4.293,193.0,192.0,3.9,3.946,182.0,201.0,4.01,3.437,170.0,170.0,4.25,4.2,190.0,166.0,4.27,4.2,188.0,170.0
ПЛОВДИВ,ПГ по битова техника,3.97,4.652,116.0,113.0,3.51,4.559,101.0,98.0,3.57,3.43,59.0,57.0,3.65,4.03,81.0,70.0,3.64,3.99,78.0,66.0
ПЛОВДИВ,ПГ по вътрешна архитектура и дървообработване,3.81,4.879,86.0,74.0,3.43,4.959,59.0,57.0,2.96,4.77,34.0,24.0,3.53,3.79,24.0,8.0,3.56,3.43,41.0,12.0
ПЛОВДИВ,ПГ по електротехника и електроника,4.43,4.87,233.0,231.0,3.93,4.64,212.0,210.0,4.0,5.3,179.0,162.0,4.31,4.44,202.0,180.0,4.02,4.31,169.0,151.0
ПЛОВДИВ,ПГ по кожени изделия и текстил Д-р Иван Богоров,3.65,3.976,11.0,13.0,3.04,3.828,6.0,7.0,2.35,3.35,13.0,12.0,3.47,3.52,14.0,10.0,2.72,3.29,15.0,10.0
ПЛОВДИВ,ПГ по машиностроене,2.42,4.12,19.0,14.0,2.39,3.989,13.0,14.0,2.6,4.1,20.0,17.0,3.05,3.01,21.0,4.0,3.12,2.84,29.0,1.0
ПЛОВДИВ,ПГ по механотехника,3.54,4.589,127.0,114.0,2.79,4.533,98.0,95.0,3.16,3.759,88.0,89.0,3.65,4.0,93.0,47.0,3.62,3.8,89.0,77.0
ПЛОВДИВ,ПГ по облекло Ана Май,3.99,4.18,37.0,34.0,3.26,4.36,27.0,26.0,3.27,4.9,36.0,34.0,3.81,3.75,47.0,12.0,3.56,3.49,41.0,4.0
ПЛОВДИВ,ПГ по транспорт и строителни технологии,2.75,3.11,71.0,58.0,2.35,3.0,62.0,62.0,2.42,2.18,58.0,52.0,3.2,3.33,77.0,75.0,3.16,3.33,86.0,88.0
ПЛОВДИВ,ПГ по туризъм Проф д-р Асен Златаров,4.13,5.285,151.0,148.0,3.64,5.236,133.0,133.0,4.03,5.396,100.0,99.0,4.04,4.04,146.0,45.0,4.17,4.12,177.0,81.0
ПЛОВДИВ,ПГ по хранителни технологии и техника,4.01,5.15,152.0,149.0,3.26,5.14,120.0,108.0,3.44,5.03,124.0,120.0,4.02,3.8,130.0,34.0,4.05,4.16,104.0,30.0
ПЛОВДИВ,Спортно у-ще Васил Левски,3.84,4.904,74.0,62.0,3.38,5.176,75.0,66.0,3.27,4.875,69.0,62.0,3.74,4.92,70.0,10.0,3.82,4.23,78.0,15.0
ПЛОВДИВ,СУ Братя Миладинови,2.97,2.989,26.0,22.0,2.0,2.473,12.0,11.0,2.52,2.541,21.0,18.0,3.45,3.48,26.0,25.0,3.17,3.47,27.0,25.0
ПЛОВДИВ,СУ Димитър Матевски,3.9,3.876,25.0,25.0,3.34,3.15,26.0,24.0,2.0,,2.0,,3.71,3.95,21.0,23.0,3.81,3.65,12.0,14.0
ПЛОВДИВ,СУ Константин Величков,4.02,3.718,17.0,19.0,3.36,2.46,11.0,11.0,3.86,2.919,14.0,14.0,3.93,3.95,16.0,17.0,3.97,4.24,31.0,30.0
ПЛОВДИВ,СУ Св. Св. Кирил и Методий,4.29,4.69,40.0,40.0,3.64,4.08,46.0,42.0,3.5,4.39,37.0,37.0,3.7,3.95,33.0,33.0,4.11,4.16,46.0,46.0
ПЛОВДИВ,СУ Св. Климент Охридски,4.41,3.958,53.0,56.0,3.62,3.58,61.0,62.0,3.69,3.48,53.0,51.0,4.2,4.26,75.0,73.0,4.01,4.25,69.0,68.0
ПЛОВДИВ,СУ Любен Каравелов,4.09,4.331,29.0,29.0,3.77,4.575,27.0,23.0,3.74,3.531,19.0,19.0,4.27,3.96,18.0,18.0,3.73,3.7,13.0,13.0
ПЛОВДИВ,СУ Найден Геров,3.87,4.45,2.0,2.0,2.28,2.31,11.0,12.0,3.43,2.206,2.0,6.0,3.19,3.4,20.0,17.0,2.73,2.97,18.0,13.0
ПЛОВДИВ,СУ Никола Вапцаров,3.72,4.74,41.0,36.0,2.74,4.44,16.0,16.0,2.94,4.404,19.0,20.0,3.56,3.7,18.0,18.0,3.2,3.1,17.0,17.0
ПЛОВДИВ,СУ Пейо Крачолов Яворов,4.24,3.986,45.0,47.0,3.89,3.91,44.0,43.0,3.47,3.444,42.0,36.0,3.86,4.15,73.0,72.0,3.91,3.99,59.0,61.0
ПЛОВДИВ,СУ Св. К. Кирил Философ,4.69,3.676,45.0,46.0,3.5,3.732,24.0,28.0,3.74,3.512,24.0,24.0,3.79,4.14,21.0,23.0,3.96,4.24,25.0,26.0
ПЛОВДИВ,СУ Св. П. Хилендарски,4.55,4.176,70.0,77.0,3.94,3.956,101.0,101.0,3.99,3.824,92.0,93.0,4.45,4.62,102.0,101.0,4.22,4.32,92.0,92.0
ПЛОВДИВ,СУ Св. Патриарх Евтимий,5.18,5.131,123.0,123.0,4.48,4.628,124.0,124.0,4.85,4.635,125.0,125.0,4.64,4.69,114.0,114.0,4.94,4.75,115.0,115.0
ПЛОВДИВ,СУ Св. Седмочисленици,3.92,3.799,40.0,39.0,,,,,,,,,3.52,3.83,20.0,20.0,3.64,3.65,20.0,23.0
ПЛОВДИВ,СУ Св. Софроний Врачански,4.03,4.032,18.0,17.0,3.48,4.043,19.0,19.0,3.62,4.111,22.0,22.0,4.44,4.32,16.0,17.0,4.27,4.64,13.0,13.0
ПЛОВДИВ,СУ Христо Груев Данов,3.74,3.19,22.0,21.0,3.21,3.723,23.0,24.0,2.98,2.919,14.0,14.0,3.72,3.84,14.0,15.0,3.68,3.96,16.0,16.0
ПЛОВДИВ,СУ Цар Симеон Велики,4.17,3.722,34.0,35.0,3.19,3.004,27.0,27.0,2.78,2.978,20.0,20.0,3.56,4.01,23.0,23.0,3.9,4.36,38.0,37.0
ПЛОВДИВ,СУ Черноризец Храбър,4.38,4.954,46.0,45.0,4.0,4.05,45.0,46.0,4.19,4.472,47.0,47.0,4.23,4.61,36.0,36.0,4.32,4.44,32.0,32.0
ПЛОВДИВ,Гимназия за сценични и екранни изкуства,4.5,4.13,54.0,52.0,4.03,5.15,43.0,43.0,4.36,4.24,42.0,42.0,4.08,3.39,36.0,3.0,4.36,5.01,50.0,3.0
ПЛОВДИВ,Търговска гимназия - Пловдив,5.11,5.331,180.0,181.0,4.81,5.164,181.0,181.0,4.9,5.306,208.0,208.0,5.08,5.14,215.0,120.0,5.24,5.29,203.0,94.0
ПЛОВДИВ,Френска ЕГ Антоан дьо Сент - Екзюпери,5.09,5.176,208.0,208.0,4.34,5.001,207.0,211.0,4.5,4.804,191.0,190.0,4.74,4.92,200.0,198.0,4.97,4.89,199.0,199.0
ПЛОВДИВ,Художествена гимназия Цанко Лавренов,4.71,5.17,55.0,52.0,4.08,5.06,49.0,49.0,4.44,5.27,46.0,46.0,4.39,,59.0,,4.6,,41.0,
ПЛОВДИВ,Хуманитарна гимназия Св. Св. Кирил и Методий,5.35,5.181,191.0,190.0,4.82,4.725,186.0,186.0,5.03,4.742,189.0,189.0,5.08,5.12,181.0,181.0,5.11,5.01,188.0,188.0
ПЛОВДИВ,ЧСУ Дружба,4.74,4.882,14.0,14.0,3.93,4.45,12.0,12.0,4.14,4.13,12.0,12.0,4.52,4.51,11.0,11.0,4.62,5.11,18.0,18.0
ПЛОВДИВ,ЧПГ Едмънд Бърк,3.78,3.352,17.0,15.0,,,,,3.72,3.08,4.0,3.0,,,,,,,,
ПЛОВДИВ,ЧПГ по икономика и управление,4.26,5.52,12.0,11.0,3.79,5.09,8.0,8.0,4.5,5.97,3.0,3.0,3.69,4.49,7.0,3.0,4.4,5.19,4.0,2.0
ПЛОВДИВ,ЧПГ по информатика и комп. науки,4.22,4.19,1.0,1.0,,,,,3.95,5.69,1.0,1.0,,,,,,,,
ПЛОВДИВ,ЧПГ Класик,4.21,3.739,10.0,9.0,3.72,4.72,10.0,10.0,3.98,4.262,13.0,12.0,4.25,4.41,17.0,19.0,4.18,4.73,17.0,17.0
ПЛОВДИВ,ЧЕГ Стоян Сариев,4.81,4.456,15.0,16.0,3.81,3.932,11.0,11.0,4.37,4.52,7.0,7.0,4.39,4.92,11.0,11.0,4.16,5.17,6.0,6.0
ПЛОВДИВ,ЧСБУ Талантите,3.16,4.59,4.0,4.0,3.69,5.64,2.0,2.0,,,,,,,,,,,,
ВАРНА,Първа ЕГ,5.56,5.615,239.0,239.0,5.18,5.343,240.0,240.0,5.24,5.487,243.0,243.0,5.58,5.63,227.0,227.0,5.39,5.63,237.0,237.0
ВАРНА,3 ПМГ Акад. Методий Попов,5.0,4.825,134.0,134.0,4.56,4.339,134.0,134.0,4.54,4.205,135.0,134.0,4.94,4.96,134.0,134.0,4.79,4.78,134.0,134.0
ВАРНА,4 ЕГ Фредерик Жолио - Кюри,5.27,5.179,214.0,214.0,4.74,5.415,210.0,210.0,4.91,5.263,222.0,222.0,5.15,5.22,216.0,216.0,5.12,5.18,211.0,211.0
ВАРНА,5 ЕГ Йоан Екзарх,5.34,5.471,187.0,187.0,4.93,5.404,184.0,184.0,5.16,5.37,183.0,184.0,5.4,5.32,180.0,180.0,5.39,5.41,179.0,179.0
ВАРНА,7 СУ Найден Геров,4.03,3.613,60.0,67.0,3.53,3.507,47.0,48.0,3.59,3.606,73.0,72.0,4.02,4.4,47.0,49.0,3.75,4.09,69.0,69.0
ВАРНА,Варненска морска гимназия,3.52,3.726,64.0,52.0,3.02,3.967,70.0,61.0,3.19,3.925,70.0,66.0,3.75,4.09,35.0,15.0,3.7,4.08,86.0,62.0
ВАРНА,Варненска търговска гимназия,4.72,5.65,132.0,131.0,4.3,5.49,160.0,159.0,4.38,5.43,128.0,128.0,4.57,4.51,134.0,100.0,4.75,4.65,122.0,98.0
ВАРНА,МГ Д-р Петър Берон,5.47,5.344,185.0,187.0,5.13,4.701,185.0,185.0,5.24,5.233,180.0,180.0,5.37,5.43,202.0,202.0,5.29,5.53,210.0,210.0
ВАРНА,НУИ Добри Христов,4.63,5.22,78.0,77.0,4.0,4.8,67.0,66.0,4.52,5.03,61.0,61.0,4.27,4.51,63.0,18.0,4.61,4.64,61.0,8.0
ВАРНА,ПГ по горско стопанство и дървообр.,3.24,4.61,54.0,33.0,2.68,4.21,45.0,30.0,2.51,4.288,56.0,38.0,3.31,2.81,48.0,5.0,3.18,3.3,52.0,11.0
ВАРНА,ПГ по електротехника,3.7,4.225,131.0,124.0,3.48,4.486,123.0,113.0,3.63,4.153,97.0,93.0,3.81,4.16,105.0,87.0,3.81,4.17,118.0,90.0
ВАРНА,ПГ по икономика Д-р Иван Богоров,4.56,4.495,156.0,154.0,3.58,4.654,146.0,143.0,3.96,4.64,144.0,144.0,4.08,4.31,131.0,74.0,4.38,4.13,136.0,56.0
ВАРНА,ПГ по комп. моделиране и комп. системи,4.12,5.03,79.0,77.0,3.48,5.05,40.0,37.0,,,,,,,,,,,,
ВАРНА,"ПГ по строителство, архитектура и геодезия",3.95,4.275,73.0,73.0,3.44,4.058,43.0,50.0,3.43,3.796,68.0,66.0,3.57,3.67,48.0,20.0,3.77,3.69,70.0,38.0
ВАРНА,ПГ по текстил и моден дизайн,3.14,4.409,43.0,27.0,2.9,4.421,51.0,44.0,3.26,4.85,56.0,53.0,3.51,3.89,24.0,9.0,3.65,3.87,36.0,12.0
ВАРНА,ПГ по туризъм,4.34,4.52,163.0,164.0,3.92,3.979,146.0,148.0,3.92,4.2,162.0,162.0,4.25,4.74,175.0,22.0,4.27,4.84,161.0,20.0
ВАРНА,ПГ по химични и хранително-вкусови технологии,3.94,5.29,50.0,44.0,3.23,4.671,31.0,30.0,3.63,4.391,37.0,35.0,3.52,3.67,23.0,23.0,3.69,3.99,20.0,18.0
ВАРНА,Професионална техническа гимназия,3.81,4.553,218.0,190.0,3.33,4.655,175.0,171.0,3.59,4.11,103.0,102.0,3.67,4.02,139.0,18.0,3.71,4.04,144.0,48.0
ВАРНА,Специално у-ще за ученици с нарушено зрение,,2.0,,1.0,4.14,3.17,2.0,2.0,3.92,3.46,4.0,4.0,,,,,4.12,4.47,8.0,8.0
ВАРНА,Спортно у-ще Г. Бенковски,3.81,4.54,51.0,46.0,3.28,4.4,61.0,54.0,3.4,4.846,46.0,44.0,3.69,4.78,69.0,12.0,3.74,3.93,63.0,11.0
ВАРНА,СУ Гео Милев,4.35,4.869,50.0,52.0,3.82,3.903,46.0,49.0,3.79,3.929,45.0,45.0,4.09,4.44,19.0,19.0,4.12,4.45,30.0,32.0
ВАРНА,СУ Димчо Дебелянов,4.14,4.293,51.0,43.0,3.48,3.812,46.0,41.0,3.92,4.421,24.0,22.0,4.41,4.41,46.0,44.0,4.11,4.13,27.0,26.0
ВАРНА,СУ Елин Пелин,2.74,4.01,6.0,5.0,2.62,2.89,11.0,9.0,3.68,4.98,12.0,11.0,3.33,3.54,10.0,10.0,3.24,3.44,10.0,9.0
ВАРНА,СУ за хуманитарни науки и изкуства,4.67,4.768,233.0,228.0,4.25,4.654,227.0,227.0,4.39,4.718,224.0,226.0,4.63,4.68,207.0,206.0,4.6,4.64,233.0,234.0
ВАРНА,СУ Св. Климент Охридски,4.87,4.582,45.0,46.0,4.45,4.434,47.0,47.0,4.3,4.252,50.0,48.0,4.28,4.73,49.0,49.0,4.29,4.9,43.0,43.0
ВАРНА,СУ Любен Каравелов,3.14,2.887,29.0,23.0,2.65,2.915,20.0,16.0,2.79,3.086,25.0,20.0,3.68,3.7,27.0,26.0,3.52,3.48,35.0,36.0
ВАРНА,СУ Неофит Бозавели,3.49,3.472,37.0,34.0,2.83,2.92,30.0,33.0,3.0,2.611,27.0,27.0,3.39,3.65,41.0,44.0,3.2,3.27,45.0,42.0
ВАРНА,СУ Пейо Крачолов Яворов,3.24,2.969,25.0,31.0,2.98,2.402,21.0,20.0,3.18,2.911,28.0,28.0,3.7,4.24,22.0,22.0,3.79,3.5,11.0,11.0
ВАРНА,СУЕО Ал. С. Пушкин,5.02,5.144,106.0,108.0,4.54,5.051,102.0,102.0,4.61,4.825,105.0,104.0,4.91,5.0,128.0,128.0,4.66,4.73,120.0,120.0
ВАРНА,ЧПГ Антоан дьо Сент-Екзюпери,4.96,5.64,28.0,27.0,4.68,5.8,21.0,21.0,4.62,5.526,16.0,16.0,4.6,5.04,16.0,16.0,4.66,5.17,13.0,13.0
ВАРНА,ЧСУ Аз съм българче,3.88,4.66,1.0,2.0,4.21,3.951,6.0,6.0,,,,,,,,,,,,
ВАРНА,ЧОУ Демократично образование,5.26,4.5,1.0,1.0,,,,,,,,,,,,,,,,
ВАРНА,ЧЕГ Джордж Байрон,4.41,4.155,22.0,22.0,3.73,3.741,13.0,12.0,4.16,3.734,15.0,14.0,4.14,4.49,11.0,11.0,4.25,5.08,16.0,16.0
ВАРНА,ЧСУ Мария Монтесори,4.38,3.864,10.0,10.0,3.45,3.83,2.0,2.0,4.34,5.2,1.0,1.0,4.87,5.14,2.0,2.0,,,,
ВАРНА,ЧСУ Мечтатели,2.94,2.0,2.0,2.0,4.76,3.236,3.0,3.0,,,,,,,,,3.95,3.11,1.0,1.0
ВАРНА,Частна Търговска Гимназия Конто Трейд,4.56,5.14,3.0,3.0,4.04,5.53,5.0,5.0,4.14,4.71,6.0,5.0,4.18,4.32,5.0,5.0,3.98,4.34,6.0,7.0
БУРГАС,Английска ЕГ Гео Милев,5.06,5.066,156.0,157.0,4.62,4.696,153.0,154.0,4.92,5.107,161.0,161.0,4.97,5.43,165.0,165.0,5.06,5.32,163.0,163.0
БУРГАС,Вечерно СУ Захари Стоянов,3.12,3.488,36.0,22.0,2.73,2.88,42.0,38.0,2.66,3.342,19.0,15.0,3.28,3.49,47.0,46.0,3.37,3.44,37.0,37.0
БУРГАС,Немска езикова гимназия Гьоте,5.41,5.719,154.0,154.0,5.09,5.624,155.0,155.0,5.24,5.603,157.0,157.0,5.36,5.37,156.0,156.0,5.45,5.57,148.0,148.0
БУРГАС,НУМСИ Проф. Панчо Владигеров,4.58,4.95,51.0,52.0,4.28,4.63,49.0,49.0,4.34,5.06,58.0,58.0,4.49,4.54,51.0,31.0,4.65,4.78,49.0,18.0
БУРГАС,ПГ за романски езици,4.92,5.27,180.0,180.0,4.33,5.036,178.0,178.0,4.65,5.17,181.0,181.0,4.89,5.13,178.0,179.0,4.93,4.98,172.0,172.0
БУРГАС,ПГ за чужди езици Васил Левски,4.43,4.54,163.0,167.0,4.13,4.469,157.0,160.0,4.39,4.473,153.0,153.0,4.75,4.81,151.0,151.0,4.78,4.8,149.0,148.0
БУРГАС,ПГ по електротехника и електроника,3.78,3.593,129.0,131.0,3.07,3.301,115.0,127.0,3.47,3.38,101.0,101.0,3.71,4.29,72.0,62.0,3.72,4.0,64.0,57.0
БУРГАС,ПГ по комп. програмиране и иновации,4.86,4.787,92.0,95.0,4.5,4.379,89.0,88.0,,,,,,,,,,,,
БУРГАС,ПГ по морско корабоплаване и риболов,3.11,4.67,63.0,56.0,2.38,4.88,26.0,21.0,2.76,4.736,23.0,20.0,3.25,,23.0,,,3.53,,1.0
БУРГАС,ПГ по механоелектротехника и електроника,4.11,4.401,175.0,170.0,3.39,4.331,154.0,147.0,3.56,4.59,142.0,142.0,3.88,4.17,122.0,99.0,4.02,4.21,153.0,141.0
БУРГАС,ПГ по сградостроителство и инсталации,2.59,,9.0,,2.2,3.799,17.0,9.0,2.0,4.94,13.0,4.0,2.96,2.92,20.0,22.0,2.72,3.08,19.0,12.0
БУРГАС,"ПГ по строителство, архитектура и геодезия",4.35,3.644,155.0,165.0,3.94,3.648,137.0,142.0,3.99,4.09,142.0,135.0,4.16,4.23,154.0,148.0,4.19,4.18,142.0,142.0
БУРГАС,ПГ по транспорт,2.67,2.957,86.0,66.0,2.29,3.14,72.0,52.0,2.34,3.27,58.0,52.0,2.98,3.14,52.0,50.0,2.93,3.02,27.0,28.0
БУРГАС,ПГ по туризъм,3.77,4.923,190.0,178.0,3.34,4.941,181.0,168.0,3.39,4.798,182.0,177.0,3.99,4.4,148.0,42.0,3.88,4.11,218.0,80.0
БУРГАС,ПГ по химични технологии,3.57,4.173,133.0,117.0,2.93,4.56,109.0,84.0,3.06,4.12,112.0,109.0,3.68,3.7,125.0,60.0,3.9,3.89,101.0,58.0
БУРГАС,ППМГ Акад. Никола Обрешков,5.41,5.447,156.0,158.0,5.11,4.454,159.0,159.0,5.29,5.122,157.0,157.0,5.29,5.51,153.0,153.0,5.33,5.65,158.0,158.0
БУРГАС,Професионална техническа гимназия,2.57,3.446,17.0,12.0,2.2,4.19,19.0,15.0,2.54,3.77,27.0,22.0,3.15,3.67,18.0,1.0,3.06,2.82,24.0,4.0
БУРГАС,Спортно у-ще Юрий Гагарин,3.22,4.98,57.0,39.0,2.63,4.86,48.0,36.0,2.79,4.34,40.0,38.0,3.59,3.92,45.0,10.0,3.43,3.66,39.0,17.0
БУРГАС,СУ Добри Чинтулов,3.4,3.364,30.0,35.0,2.98,2.89,26.0,25.0,2.0,,2.0,,3.42,3.6,20.0,19.0,3.34,3.56,22.0,22.0
БУРГАС,СУ Еп. К. Преславски,4.05,4.182,27.0,28.0,3.32,3.202,22.0,23.0,3.62,3.53,28.0,26.0,3.99,4.05,56.0,57.0,3.72,4.12,23.0,21.0
БУРГАС,СУ Иван Вазов,3.25,2.66,28.0,23.0,2.99,4.106,27.0,25.0,2.0,,3.0,,3.21,3.38,16.0,17.0,3.5,3.79,20.0,19.0
БУРГАС,СУ Йордан Йовков,2.0,2.333,4.0,3.0,2.7,2.862,5.0,4.0,2.66,2.9,3.0,3.0,3.26,3.22,8.0,8.0,3.62,3.96,8.0,8.0
БУРГАС,СУ Св. Св. Кирил и Методий,3.87,4.042,85.0,85.0,3.36,3.59,67.0,69.0,3.56,3.679,74.0,72.0,3.74,4.35,88.0,90.0,3.79,3.95,43.0,43.0
БУРГАС,СУ Константин Петканов,3.9,4.27,22.0,19.0,2.58,2.904,13.0,13.0,,,,,2.84,2.31,1.0,1.0,3.4,3.43,18.0,20.0
БУРГАС,СУ Петко Росен,2.62,2.72,12.0,9.0,2.47,3.36,19.0,11.0,2.22,4.16,18.0,14.0,3.29,3.69,21.0,4.0,3.16,3.22,20.0,3.0
БУРГАС,Търговска гимназия,5.02,5.334,154.0,155.0,4.45,5.247,159.0,162.0,4.63,4.461,156.0,156.0,4.77,4.82,152.0,102.0,4.92,4.9,155.0,134.0
БУРГАС,ЧПГ Британика,3.67,3.457,6.0,7.0,4.04,4.03,12.0,12.0,4.16,4.5,4.0,4.0,4.88,4.28,3.0,4.0,4.68,4.66,8.0,8.0
БЛАГОЕВГРАД,ЕГ Акад. Людмил Стоянов,5.29,5.454,159.0,159.0,4.96,5.477,158.0,158.0,5.17,5.387,156.0,156.0,5.24,5.4,158.0,158.0,5.4,5.42,155.0,155.0
БЛАГОЕВГРАД,ПГ Ичко Бойчев,3.01,3.851,45.0,31.0,2.49,4.094,42.0,37.0,2.55,2.988,49.0,43.0,3.31,3.32,51.0,32.0,3.15,3.15,30.0,34.0
БЛАГОЕВГРАД,ПГ по икономика,4.46,5.64,101.0,101.0,4.01,5.729,106.0,106.0,4.01,5.58,103.0,102.0,4.46,4.56,130.0,47.0,4.46,4.16,116.0,38.0
БЛАГОЕВГРАД,"ПГ по строителство, архитектура и геодезия",3.87,4.85,82.0,78.0,3.34,4.94,81.0,74.0,3.31,4.835,53.0,53.0,3.84,4.01,75.0,67.0,3.74,3.87,70.0,64.0
БЛАГОЕВГРАД,ПГ по туризъм и лека промишленост,3.7,5.054,20.0,19.0,2.87,4.264,17.0,15.0,3.01,4.62,12.0,10.0,3.39,,30.0,,3.27,3.11,23.0,1.0
БЛАГОЕВГРАД,ПМГ Акад. Сергей Корольов,5.13,5.054,157.0,159.0,4.62,4.496,151.0,151.0,4.79,4.906,156.0,156.0,5.06,5.22,158.0,158.0,5.02,5.19,160.0,160.0
БЛАГОЕВГРАД,5 СУ Георги Измирлиев,3.46,4.396,28.0,28.0,3.17,2.851,27.0,28.0,3.21,3.141,18.0,18.0,3.6,3.87,20.0,20.0,3.48,3.83,22.0,21.0
БЛАГОЕВГРАД,СУ Иван Вазов,,,,,2.0,,1.0,,,,,,2.04,3.06,1.0,1.0,2.81,3.14,1.0,1.0
БЛАГОЕВГРАД,7 СУ Кузман Шапкарев,3.84,3.578,21.0,22.0,3.46,3.2,22.0,25.0,3.57,3.672,20.0,20.0,,2.44,,1.0,3.88,3.95,16.0,17.0
БЛАГОЕВГРАД,СУИЧЕ Св. Кл. Охридски,4.17,4.194,27.0,29.0,3.5,3.784,26.0,27.0,3.7,3.577,25.0,25.0,3.71,4.07,43.0,43.0,4.02,4.08,39.0,39.0
БЛАГОЕВГРАД,Национална хуманитарна гимназия,4.7,4.682,134.0,134.0,4.21,4.595,135.0,133.0,4.19,4.3,112.0,111.0,4.59,4.66,103.0,102.0,4.43,4.48,101.0,103.0
ВЕЛИКО ТЪРНОВО,ЕГ. Проф. д-р Асен Златаров,5.23,5.414,129.0,129.0,4.65,5.385,126.0,127.0,4.94,5.121,120.0,120.0,4.99,5.2,152.0,153.0,5.23,5.16,144.0,145.0
ВЕЛИКО ТЪРНОВО,ПГ по електроника,2.89,4.29,27.0,16.0,2.56,4.87,29.0,17.0,3.11,4.463,27.0,24.0,3.46,3.8,31.0,31.0,3.32,3.41,43.0,38.0
ВЕЛИКО ТЪРНОВО,Старопрестолна ПГ по икономика,4.29,4.7,69.0,69.0,3.66,4.58,65.0,64.0,3.96,4.81,50.0,49.0,3.99,4.66,43.0,16.0,4.39,4.36,53.0,23.0
ВЕЛИКО ТЪРНОВО,ПГ по моден дизайн,3.29,4.417,10.0,8.0,2.63,4.295,15.0,9.0,2.91,4.708,12.0,14.0,3.59,,6.0,,3.49,3.52,15.0,2.0
ВЕЛИКО ТЪРНОВО,ПГ по строителство архитектура и геодезия,4.42,4.249,98.0,96.0,3.87,4.031,91.0,89.0,4.07,4.329,77.0,76.0,4.06,4.56,86.0,19.0,4.15,4.06,100.0,61.0
ВЕЛИКО ТЪРНОВО,ПГ по туризъм,4.2,4.5,69.0,76.0,3.63,3.932,66.0,72.0,3.93,3.926,85.0,80.0,3.88,3.89,93.0,38.0,4.11,3.83,88.0,52.0
ВЕЛИКО ТЪРНОВО,ПМГ Васил Друмев,5.28,4.902,129.0,132.0,4.77,4.438,126.0,128.0,4.89,4.731,148.0,148.0,5.03,5.27,157.0,157.0,5.22,5.3,151.0,151.0
ВЕЛИКО ТЪРНОВО,Спортно училище Героги Живков,3.46,4.59,28.0,22.0,3.24,5.171,43.0,36.0,3.23,4.58,40.0,43.0,3.79,4.35,38.0,1.0,3.82,,31.0,
ВЕЛИКО ТЪРНОВО,СУ Вела Благоева,4.23,4.419,17.0,16.0,3.28,4.404,8.0,8.0,3.42,4.163,22.0,22.0,3.97,4.6,18.0,19.0,4.29,4.12,26.0,27.0
ВЕЛИКО ТЪРНОВО,СУ Владимир Комаров,3.54,5.21,9.0,6.0,3.25,5.38,3.0,3.0,,,,,3.14,3.24,1.0,3.0,3.62,3.51,11.0,11.0
ВЕЛИКО ТЪРНОВО,СУ Емилиян Станев,4.92,4.877,79.0,81.0,4.19,4.92,70.0,70.0,4.25,4.495,54.0,53.0,4.24,4.74,75.0,75.0,4.55,4.7,67.0,67.0
ВЕЛИКО ТЪРНОВО,Профилирана Хуманитарна гимназия,3.41,3.534,25.0,26.0,4.21,4.32,2.0,3.0,3.45,3.583,8.0,8.0,3.52,,12.0,,4.15,4.08,10.0,9.0
ВЕЛИКО ТЪРНОВО,ЧПГ АК-Аркус,5.22,5.334,56.0,57.0,4.75,4.861,55.0,56.0,4.95,5.021,39.0,39.0,5.25,5.34,23.0,23.0,5.49,5.53,27.0,27.0
ВИДИН,ГПЧЕ Йордан Радичков,4.91,4.789,81.0,83.0,4.62,4.807,82.0,82.0,4.57,4.518,98.0,98.0,4.75,5.28,85.0,85.0,5.07,5.13,97.0,97.0
ВИДИН,ПГ Проф. д-р Асен Златаров,4.17,4.48,56.0,53.0,3.62,5.083,84.0,86.0,3.92,4.395,54.0,54.0,4.22,3.99,76.0,58.0,4.3,4.18,88.0,66.0
ВИДИН,ПГТ Михалаки Георгиев,3.19,5.033,41.0,37.0,3.04,4.36,49.0,52.0,3.09,4.434,27.0,27.0,3.58,3.79,63.0,5.0,3.49,4.27,64.0,9.0
ВИДИН,ППМГ Екзарх Антим I,4.8,4.549,78.0,82.0,4.18,4.279,76.0,77.0,4.47,4.37,91.0,92.0,4.56,4.6,76.0,75.0,4.79,4.78,99.0,102.0
ВИДИН,ПТГ Васил Левски,2.28,4.18,9.0,5.0,2.15,4.01,23.0,15.0,2.25,3.69,13.0,13.0,3.2,,6.0,,2.97,2.53,14.0,1.0
ВИДИН,СУ Св. Св. Кирил и Методий,3.99,3.328,10.0,10.0,3.65,3.631,16.0,16.0,3.7,4.038,15.0,15.0,4.41,4.38,10.0,10.0,4.12,4.36,19.0,19.0
ВИДИН,СУ Петко Рачов Славейков,3.95,4.041,19.0,19.0,2.78,3.239,22.0,21.0,3.13,3.24,20.0,20.0,3.7,3.72,17.0,16.0,3.73,3.91,24.0,24.0
ВИДИН,СУ Цар Симеон Велики,4.59,4.442,69.0,71.0,3.83,3.938,67.0,67.0,3.91,3.785,58.0,58.0,4.47,4.67,57.0,57.0,4.24,4.48,49.0,50.0
ВРАЦА,Профилирана ЕГ Йоан Екзарх,4.67,4.72,108.0,108.0,4.22,4.294,101.0,100.0,4.45,4.662,83.0,83.0,4.69,5.19,50.0,50.0,4.65,5.02,46.0,46.0
ВРАЦА,ПГ Димитраки Хаджитошин,3.71,3.92,8.0,5.0,2.87,4.132,18.0,15.0,2.71,3.12,11.0,8.0,3.36,3.66,15.0,13.0,3.22,3.39,16.0,15.0
ВРАЦА,ПГ по търговия и ресторантьорство,3.82,4.741,62.0,58.0,2.82,4.232,64.0,58.0,3.18,4.103,49.0,47.0,3.48,3.55,68.0,14.0,3.43,3.64,62.0,10.0
ВРАЦА,ППМГ Акад. Иван Ценов,5.19,5.07,128.0,130.0,4.9,5.008,128.0,131.0,4.99,4.628,150.0,150.0,5.01,5.13,151.0,151.0,4.93,5.09,164.0,164.0
ВРАЦА,Спортно у-ще Св. Климент Охридски,3.68,5.31,26.0,20.0,2.77,5.3,27.0,21.0,3.05,5.07,41.0,39.0,3.42,3.84,37.0,34.0,3.56,3.74,41.0,40.0
ВРАЦА,СУ Васил Кънчов,4.6,4.215,24.0,24.0,4.34,4.384,25.0,26.0,4.11,3.655,20.0,20.0,4.04,4.46,51.0,39.0,4.55,4.32,47.0,47.0
ВРАЦА,СУ Козма Тричков,4.54,4.209,26.0,26.0,3.83,3.841,24.0,24.0,4.03,3.774,21.0,21.0,4.02,4.48,50.0,48.0,4.14,4.55,51.0,51.0
ВРАЦА,СУ Никола Войводов,4.16,4.257,20.0,19.0,3.96,4.58,25.0,25.0,4.28,5.55,23.0,23.0,4.23,4.48,21.0,21.0,3.93,4.05,23.0,23.0
ВРАЦА,СУ Отец Паисий,3.99,3.631,20.0,20.0,3.17,4.65,16.0,13.0,3.67,4.515,25.0,25.0,4.18,4.2,26.0,26.0,3.84,3.85,29.0,29.0
ВРАЦА,СУ Христо Ботев,4.9,5.147,49.0,49.0,4.63,4.685,50.0,51.0,4.42,4.191,68.0,68.0,4.68,5.2,74.0,74.0,4.77,5.08,74.0,75.0
ВРАЦА,Професионална техническа гимназия,3.8,4.21,95.0,78.0,3.18,4.16,96.0,85.0,3.48,4.36,49.0,42.0,3.49,4.01,59.0,17.0,3.64,4.24,60.0,23.0
ГАБРОВО,Национална априловска гимназия,5.2,5.125,128.0,128.0,4.75,4.93,128.0,128.0,4.81,4.974,123.0,123.0,5.05,5.25,126.0,126.0,5.29,5.35,125.0,125.0
ГАБРОВО,ПГ по туризъм Пенчо Семов,3.81,4.395,86.0,81.0,3.23,4.1,84.0,75.0,3.16,3.75,58.0,54.0,3.79,4.23,87.0,43.0,3.97,4.0,71.0,21.0
ГАБРОВО,ПМГ Акад. Иван Гюзелев,5.12,5.325,96.0,98.0,4.65,4.802,102.0,105.0,4.63,4.361,96.0,96.0,4.97,5.14,102.0,102.0,5.16,5.27,104.0,104.0
ГАБРОВО,СУ Отец Паисий,3.73,4.42,26.0,23.0,3.22,4.26,31.0,25.0,3.15,4.15,18.0,18.0,3.43,3.69,22.0,20.0,4.05,4.19,13.0,13.0
ГАБРОВО,СУ Райчо Каролев,3.57,3.939,11.0,11.0,3.2,3.45,15.0,14.0,3.3,3.19,26.0,26.0,3.46,3.69,23.0,22.0,3.73,3.62,16.0,16.0
ГАБРОВО,Професионална техническа гимназия,3.77,4.362,120.0,113.0,3.37,4.068,99.0,88.0,3.26,4.25,86.0,86.0,3.83,4.24,112.0,91.0,3.79,4.07,100.0,92.0
ДОБРИЧ,ЕГ Гео Милев,5.15,5.202,125.0,127.0,4.8,4.924,151.0,151.0,4.83,5.161,143.0,144.0,5.11,5.26,128.0,129.0,5.26,5.45,143.0,143.0
ДОБРИЧ,Професионална гимназия по аграрно стопанство,3.09,4.385,26.0,16.0,2.46,3.305,35.0,25.0,2.23,3.491,35.0,33.0,3.25,2.97,32.0,1.0,3.34,5.45,29.0,2.0
ДОБРИЧ,ПГ по ветеринарна медицина,3.63,4.12,32.0,30.0,3.35,3.73,27.0,25.0,3.27,3.68,18.0,19.0,3.84,3.95,23.0,23.0,3.66,4.05,26.0,21.0
ДОБРИЧ,ПГ по техника и строителство,3.66,3.621,17.0,17.0,3.26,3.163,16.0,17.0,2.77,3.793,15.0,16.0,3.24,3.07,10.0,2.0,3.22,2.84,22.0,1.0
ДОБРИЧ,"ПГ по транспорт, обслужване и лека промишленост",3.37,4.59,14.0,23.0,2.65,4.44,24.0,27.0,2.05,3.71,22.0,26.0,3.0,2.62,54.0,1.0,3.14,,22.0,
ДОБРИЧ,ПГ по туризъм П. К. Яворов,3.37,4.676,66.0,48.0,2.88,4.73,66.0,49.0,2.72,4.78,59.0,58.0,3.49,,82.0,,3.63,,84.0,
ДОБРИЧ,ПМГ Иван Вазов,4.31,4.238,57.0,62.0,4.29,4.084,78.0,81.0,3.84,3.493,61.0,61.0,4.47,4.88,74.0,74.0,4.68,4.9,47.0,48.0
ДОБРИЧ,Спортно у-ще Георги Раковски,2.95,4.19,15.0,13.0,3.01,3.54,16.0,14.0,2.3,4.12,11.0,10.0,3.25,3.54,19.0,2.0,3.23,3.29,17.0,14.0
ДОБРИЧ,СУ Димитър Талев,4.76,4.61,23.0,24.0,4.01,4.005,25.0,26.0,3.88,4.02,20.0,20.0,4.18,4.53,42.0,42.0,3.92,4.23,36.0,36.0
ДОБРИЧ,СУ Св. Св. Кирил и Методий,4.4,4.244,48.0,47.0,4.0,4.073,26.0,26.0,3.83,3.894,31.0,31.0,4.48,4.98,25.0,25.0,4.26,4.57,54.0,54.0
ДОБРИЧ,СУ Св. Климент Охридски,4.58,4.826,70.0,68.0,4.15,4.631,62.0,66.0,4.38,4.428,50.0,49.0,4.9,4.82,42.0,42.0,4.41,4.44,59.0,59.0
ДОБРИЧ,СУ Любен Каравелов,4.04,4.13,25.0,25.0,2.8,3.015,26.0,28.0,3.35,2.765,21.0,21.0,3.61,4.12,19.0,19.0,4.08,4.2,18.0,18.0
ДОБРИЧ,СУ Петко Рачов Славейков,4.55,4.434,26.0,26.0,3.94,4.035,21.0,21.0,4.3,4.351,27.0,27.0,4.19,4.81,23.0,21.0,4.64,4.82,17.0,19.0
ДОБРИЧ,Финансово-стопанска гимназия,4.38,5.142,79.0,76.0,3.96,5.29,103.0,102.0,3.8,4.63,94.0,94.0,4.2,4.53,77.0,36.0,4.32,4.3,92.0,69.0
ДОБРИЧ,ЧСУ Леонардо да Винчи,4.65,5.357,8.0,8.0,4.51,4.534,5.0,5.0,3.85,3.443,3.0,3.0,4.76,4.94,6.0,6.0,4.55,4.48,5.0,5.0
ДОБРИЧ,ЧПГ Райко Цончев,4.56,4.584,27.0,27.0,4.46,4.985,14.0,14.0,4.93,4.82,7.0,7.0,5.15,5.26,8.0,8.0,4.96,4.63,5.0,5.0
КЪРДЖАЛИ,ЕГ Христо Ботев,5.37,4.954,152.0,154.0,4.76,4.832,179.0,180.0,4.85,4.548,173.0,173.0,5.03,4.92,176.0,176.0,5.09,5.08,166.0,165.0
КЪРДЖАЛИ,ПГ Васил Левски,2.75,4.23,3.0,2.0,2.0,3.57,5.0,4.0,2.46,3.66,5.0,3.0,3.0,,8.0,,2.84,,6.0,
КЪРДЖАЛИ,ПГ по електротехника и електроника,3.34,4.062,51.0,37.0,3.27,4.6,56.0,47.0,2.72,4.099,35.0,36.0,3.38,3.59,40.0,43.0,3.24,3.53,29.0,28.0
КЪРДЖАЛИ,ПГ по икономика,3.83,4.68,117.0,102.0,3.32,4.78,88.0,74.0,3.7,4.97,70.0,67.0,3.99,4.19,117.0,11.0,3.56,3.14,104.0,13.0
КЪРДЖАЛИ,ПГ по облекло и дизайн,2.26,3.58,11.0,9.0,2.0,3.48,7.0,8.0,2.15,3.71,14.0,10.0,2.69,,6.0,,2.57,,9.0,
КЪРДЖАЛИ,ПГ по селско и горско стопанство,3.41,4.44,19.0,13.0,2.44,3.64,26.0,16.0,2.47,3.67,20.0,12.0,2.85,2.79,32.0,3.0,2.76,2.83,29.0,6.0
КЪРДЖАЛИ,ПГ по строителство,3.19,3.52,21.0,15.0,3.0,3.64,23.0,23.0,2.76,4.47,14.0,10.0,3.12,2.9,21.0,10.0,3.25,3.33,22.0,17.0
КЪРДЖАЛИ,ПГ по туризъм,2.93,3.904,52.0,33.0,2.45,3.923,47.0,38.0,2.51,3.462,41.0,33.0,3.09,4.41,59.0,1.0,3.02,2.38,71.0,3.0
КЪРДЖАЛИ,СУ Владимир Димитров - Майстора,3.83,3.359,22.0,21.0,3.34,3.576,28.0,26.0,2.42,2.12,12.0,12.0,3.08,,1.0,,3.8,4.01,8.0,8.0
КЪРДЖАЛИ,СУ Йордан Йовков,3.74,3.855,57.0,61.0,3.18,3.318,63.0,63.0,2.78,2.918,54.0,50.0,3.33,3.76,29.0,27.0,3.19,3.65,50.0,51.0
КЪРДЖАЛИ,СУ Отец Паисий,4.7,4.78,105.0,107.0,4.16,4.404,81.0,87.0,4.17,3.758,75.0,75.0,4.09,4.48,75.0,74.0,3.96,4.13,77.0,76.0
КЪРДЖАЛИ,СУ Петко Рачов Славейков,4.69,4.426,109.0,111.0,4.32,4.106,103.0,106.0,4.31,3.804,102.0,102.0,4.94,5.05,78.0,78.0,4.7,4.74,93.0,93.0
КЮСТЕНДИЛ,ЕГ Д-р Петър Берон,5.07,5.005,81.0,84.0,4.42,4.27,83.0,83.0,4.49,4.622,106.0,106.0,4.5,4.95,57.0,57.0,4.86,5.09,77.0,77.0
КЮСТЕНДИЛ,ПГ по икономика и мениджмънт,4.08,4.27,85.0,79.0,3.6,4.256,100.0,99.0,3.47,4.17,77.0,75.0,3.84,3.92,88.0,82.0,3.92,3.74,110.0,110.0
КЮСТЕНДИЛ,ПГ по лека промишленост,3.65,2.0,1.0,1.0,2.0,2.51,7.0,5.0,2.0,2.0,7.0,2.0,2.67,3.06,9.0,2.0,2.77,3.01,17.0,4.0
КЮСТЕНДИЛ,ПГ по селско стопанство,2.4,2.0,6.0,5.0,2.0,,2.0,,2.0,,1.0,,2.92,2.94,5.0,2.0,,,,
КЮСТЕНДИЛ,ПГ по туризъм Н. Вапцаров,3.12,4.325,46.0,28.0,2.49,3.9,50.0,38.0,2.51,4.03,31.0,24.0,3.48,3.61,28.0,29.0,3.36,3.41,37.0,39.0
КЮСТЕНДИЛ,ПМГ Проф. Емануил Иванов,4.87,4.467,100.0,102.0,4.71,4.293,75.0,75.0,4.54,4.53,96.0,96.0,4.76,5.08,95.0,95.0,5.01,5.08,99.0,99.0
КЮСТЕНДИЛ,Спортно у-ще Васил Левски,3.18,4.05,24.0,21.0,2.47,4.08,29.0,19.0,2.63,4.3,25.0,22.0,2.98,3.2,21.0,1.0,2.88,3.16,19.0,4.0
КЮСТЕНДИЛ,Професионална техническа гимназия,2.89,4.25,15.0,10.0,2.54,5.42,11.0,8.0,2.18,3.909,15.0,11.0,2.96,3.11,19.0,14.0,2.72,2.6,22.0,24.0
ЛОВЕЧ,Профилирана ЕГ Екзарх Йосиф I,5.25,5.052,158.0,158.0,4.77,5.353,154.0,154.0,5.21,5.139,155.0,155.0,5.29,5.19,178.0,178.0,5.39,5.19,180.0,180.0
ЛОВЕЧ,Национална ПГ по ветеринарна медицина,3.72,4.28,52.0,49.0,3.21,4.44,42.0,39.0,3.41,4.83,45.0,42.0,3.67,3.98,55.0,16.0,3.73,3.96,59.0,24.0
ЛОВЕЧ,"ПГ по икономика, търговия и услуги",3.52,4.9,21.0,20.0,2.44,4.566,18.0,19.0,2.32,4.66,26.0,25.0,3.73,3.29,36.0,36.0,3.8,3.54,33.0,35.0
ЛОВЕЧ,ПГ по механоелектротехника,3.55,3.867,27.0,21.0,2.77,3.87,37.0,33.0,3.1,3.893,43.0,40.0,3.51,3.76,41.0,23.0,3.49,3.54,63.0,45.0
ЛОВЕЧ,ППМГ,4.47,4.257,98.0,100.0,4.35,4.1,91.0,96.0,4.04,3.678,81.0,81.0,4.34,4.5,101.0,102.0,4.49,4.34,98.0,99.0
ЛОВЕЧ,СУ Димитър Митев,3.4,3.5,2.0,2.0,,,,,,,,,3.0,2.95,2.0,1.0,2.96,,5.0,
ЛОВЕЧ,СУ Св. Климент Охридски,4.26,3.336,15.0,16.0,3.82,3.565,12.0,12.0,,,,,3.86,4.2,11.0,12.0,3.96,3.93,14.0,16.0
ЛОВЕЧ,СУ Тодор Кирков,3.21,3.08,15.0,16.0,2.86,3.036,17.0,17.0,3.15,3.22,23.0,23.0,3.51,3.99,21.0,22.0,3.29,3.15,18.0,19.0
МОНТАНА,2 СУ Никола Вапцаров,3.86,5.2,6.0,7.0,3.49,3.73,7.0,7.0,3.48,4.85,8.0,8.0,3.66,3.56,14.0,14.0,3.63,3.45,10.0,10.0
МОНТАНА,6 СУ Отец Паисий,3.61,2.9,3.0,3.0,2.71,2.437,6.0,7.0,3.94,2.755,2.0,2.0,3.23,3.46,7.0,8.0,3.13,3.27,14.0,13.0
МОНТАНА,7 СУ Йоран Радичков,3.44,3.717,22.0,18.0,2.72,3.057,20.0,19.0,2.73,3.283,12.0,12.0,3.22,3.47,18.0,17.0,3.75,3.74,24.0,25.0
МОНТАНА,ГПЧЕ Петър Богдан,4.93,4.736,75.0,78.0,4.41,4.687,101.0,105.0,4.6,4.522,92.0,92.0,4.59,4.8,80.0,80.0,5.1,5.15,97.0,97.0
МОНТАНА,ПГ по лека промишленост,2.71,4.35,9.0,7.0,2.24,4.734,9.0,9.0,2.57,3.37,14.0,14.0,3.04,3.41,20.0,2.0,3.29,3.15,20.0,6.0
МОНТАНА,"ПГ по строителство, архитектура и компютърни науки",4.19,5.44,66.0,63.0,3.39,5.208,43.0,38.0,3.71,4.42,48.0,48.0,3.74,3.93,104.0,23.0,3.74,3.74,74.0,25.0
МОНТАНА,ПГ по техника и електротехника,3.43,4.638,49.0,44.0,3.41,4.539,44.0,37.0,2.96,4.27,43.0,41.0,3.44,3.33,48.0,36.0,3.7,3.35,62.0,33.0
МОНТАНА,ППМГ Св. Климент Охридски,4.75,4.741,77.0,78.0,4.19,4.396,79.0,81.0,4.29,4.208,95.0,95.0,4.49,4.95,101.0,101.0,4.72,4.96,75.0,75.0
МОНТАНА,Финансово-стопанска ПГ   ,4.35,4.95,77.0,76.0,3.91,5.06,53.0,49.0,3.98,5.04,83.0,83.0,4.24,4.41,94.0,20.0,4.5,4.73,91.0,13.0
ПАЗАРДЖИК,ЕГ Бертолт Брехт,5.19,5.41,201.0,201.0,4.66,5.215,199.0,200.0,4.92,5.182,207.0,207.0,5.12,5.16,227.0,227.0,5.09,5.26,217.0,217.0
ПАЗАРДЖИК,Профилирана гимназия Иван С. Аксаков,4.39,4.117,10.0,10.0,3.5,3.496,10.0,10.0,3.03,3.254,5.0,5.0,3.83,4.14,24.0,23.0,3.87,4.15,11.0,11.0
ПАЗАРДЖИК,ПГ по икономика и мениджмънт,4.18,5.107,158.0,161.0,3.63,5.303,169.0,164.0,3.9,5.48,174.0,172.0,4.32,4.09,151.0,103.0,4.43,4.13,178.0,111.0
ПАЗАРДЖИК,ПГ по механоелектротехника,3.3,4.6,112.0,99.0,2.88,4.75,102.0,89.0,3.14,4.81,121.0,110.0,3.5,3.6,106.0,40.0,3.44,3.67,122.0,58.0
ПАЗАРДЖИК,ПГ по промишлени технологии,2.81,4.42,7.0,3.0,2.1,3.27,11.0,5.0,2.0,,3.0,,2.95,3.48,15.0,1.0,2.88,,19.0,
ПАЗАРДЖИК,ПГ по селско стопанство,2.25,4.18,21.0,14.0,2.17,4.23,28.0,18.0,2.15,4.3,31.0,21.0,2.97,3.1,55.0,2.0,3.26,3.65,30.0,4.0
ПАЗАРДЖИК,ПГ по строителство и архитектура,3.35,4.142,16.0,12.0,3.0,4.53,27.0,26.0,2.84,3.44,26.0,29.0,3.34,3.05,35.0,15.0,3.44,3.37,42.0,31.0
ПАЗАРДЖИК,ПГ по фризьорство и ресторантьорство,3.14,4.7,10.0,8.0,2.78,5.52,8.0,9.0,2.33,4.08,10.0,9.0,2.97,,14.0,,3.75,,6.0,
ПАЗАРДЖИК,ПГ по химични и хранителни технологии,2.76,4.1,70.0,67.0,2.28,3.868,50.0,54.0,2.43,4.059,45.0,37.0,3.06,2.66,65.0,1.0,3.17,2.84,55.0,1.0
ПАЗАРДЖИК,ПМГ Константин Величков,4.9,4.859,129.0,132.0,4.26,4.296,118.0,118.0,4.54,4.48,135.0,135.0,4.74,4.76,119.0,98.0,4.94,4.86,84.0,84.0
ПАЗАРДЖИК,Спортно у-ще Пазарджик,3.75,4.63,46.0,41.0,3.18,5.07,58.0,57.0,,,,,,,,,,,,
ПАЗАРДЖИК,СУ Георги Бенковски,4.23,4.862,20.0,20.0,3.59,3.9,28.0,27.0,3.78,3.735,33.0,33.0,3.7,3.73,39.0,39.0,3.94,3.97,48.0,48.0
ПАЗАРДЖИК,СУ Георги Брегов,3.45,3.905,24.0,21.0,3.4,4.176,23.0,24.0,3.53,3.785,18.0,16.0,3.43,3.73,22.0,20.0,3.24,3.5,1.0,1.0
ПАЗАРДЖИК,СУ Д-р Петър Берон,3.37,2.0,1.0,1.0,3.18,3.611,23.0,23.0,2.96,3.615,16.0,15.0,3.66,4.16,21.0,20.0,3.31,3.44,15.0,15.0
ПЕРНИК,5 СУ Петко Рачов Славейков,4.04,4.429,16.0,15.0,3.08,5.19,9.0,8.0,2.0,,1.0,,3.29,3.54,13.0,13.0,2.77,,1.0,
ПЕРНИК,6 СУ Св. Св. Кирил и Методий,3.87,4.53,14.0,9.0,2.64,4.52,9.0,4.0,3.44,5.45,11.0,10.0,3.71,3.89,8.0,8.0,4.01,4.18,6.0,6.0
ПЕРНИК,ГПЧЕ Симеон Радев,4.84,4.92,153.0,153.0,4.38,4.891,133.0,133.0,4.56,4.866,142.0,142.0,5.0,5.17,142.0,142.0,4.98,5.01,145.0,145.0
ПЕРНИК,ОбУ Темелко Ненков,2.67,3.55,10.0,10.0,2.0,3.98,12.0,8.0,2.15,4.11,16.0,12.0,,,,,,,,
ПЕРНИК,Технологична ПГ Мария Кюри,3.23,4.418,18.0,19.0,2.95,4.42,15.0,12.0,2.42,3.7,31.0,27.0,3.43,3.66,26.0,26.0,3.02,3.14,18.0,14.0
ПЕРНИК,ПГ по икономика,4.15,4.6,101.0,100.0,3.66,4.82,115.0,103.0,3.63,4.67,96.0,96.0,4.03,4.37,104.0,83.0,4.21,4.3,82.0,67.0
ПЕРНИК,Професионална гимназия по облекло и туризъм,3.43,5.14,31.0,28.0,2.94,4.49,29.0,26.0,2.81,3.83,17.0,16.0,3.36,3.66,36.0,20.0,3.56,3.74,69.0,31.0
ПЕРНИК,ПГ по техника и енергетика,3.59,4.68,48.0,43.0,3.06,4.62,30.0,25.0,3.05,5.26,17.0,14.0,3.34,3.61,44.0,45.0,3.31,3.43,48.0,49.0
ПЕРНИК,ПГ по техника и строителство,3.97,4.711,100.0,88.0,3.33,4.615,102.0,89.0,3.34,3.84,92.0,92.0,3.78,4.2,91.0,60.0,4.04,4.01,98.0,59.0
ПЕРНИК,ПМГ Христо Смирненски,4.99,5.026,79.0,82.0,4.31,4.315,78.0,81.0,4.46,4.344,75.0,75.0,4.37,4.94,73.0,73.0,4.52,4.77,83.0,83.0
ПЕРНИК,Спортно у-ще Олимпиец,3.35,4.086,21.0,18.0,2.83,4.145,24.0,22.0,2.92,2.69,12.0,12.0,3.23,3.61,16.0,12.0,3.24,3.31,20.0,21.0
ПЕРНИК,СУРИЧЕ Д-р Петър Берон,4.69,5.232,48.0,49.0,4.0,4.07,45.0,44.0,4.19,4.822,47.0,47.0,4.59,4.98,21.0,21.0,4.61,4.99,24.0,24.0
ПЛЕВЕН,ГПЧЕ,4.88,4.872,172.0,175.0,4.43,4.8,175.0,176.0,4.5,4.792,159.0,159.0,4.81,5.15,155.0,155.0,4.88,4.99,170.0,170.0
ПЛЕВЕН,Държавна финансово-стопанска гимназия Интелект,4.2,4.95,96.0,92.0,3.71,4.86,86.0,84.0,3.95,4.563,67.0,67.0,4.45,4.67,93.0,38.0,4.48,4.43,101.0,68.0
ПЛЕВЕН,МГ Гео Милев,4.93,4.852,140.0,141.0,4.8,4.778,153.0,157.0,4.75,4.648,147.0,147.0,5.05,5.17,149.0,149.0,5.13,5.21,151.0,151.0
ПЛЕВЕН,НУИ Панайот Пипков,4.43,4.73,43.0,43.0,4.02,4.733,57.0,60.0,4.19,4.31,47.0,47.0,4.3,4.3,49.0,24.0,4.45,4.44,41.0,33.0
ПЛЕВЕН,ПГ Захарий Зограф,,,,,,,,,2.0,2.0,1.0,1.0,2.71,2.64,4.0,2.0,2.67,2.42,4.0,2.0
ПЛЕВЕН,ПГ по електроника и химични технологии,4.24,5.19,76.0,73.0,3.66,5.08,92.0,92.0,3.69,4.985,79.0,76.0,3.98,4.65,99.0,20.0,4.09,4.71,100.0,28.0
ПЛЕВЕН,ПГ по лозарство и винарство,2.55,4.09,17.0,12.0,2.28,4.48,15.0,8.0,2.55,3.97,23.0,19.0,3.28,4.22,28.0,5.0,3.22,2.57,19.0,1.0
ПЛЕВЕН,ПГ по мениджмънт и хранителни технологии,2.0,3.199,7.0,3.0,2.69,4.286,3.0,3.0,2.0,2.51,9.0,4.0,2.71,2.9,10.0,5.0,2.46,3.03,1.0,1.0
ПЛЕВЕН,ПГ по механоелектротехника,3.31,5.288,43.0,34.0,2.73,4.319,28.0,18.0,2.56,4.56,27.0,25.0,3.53,4.41,52.0,13.0,3.56,4.04,50.0,24.0
ПЛЕВЕН,ПГ по облекло и текстил,2.41,3.79,23.0,18.0,2.31,3.82,7.0,6.0,2.48,4.587,9.0,7.0,3.01,4.01,15.0,1.0,3.1,3.23,16.0,4.0
ПЛЕВЕН,"ПГ по подемна, строителна и транспортна техника",2.56,4.89,16.0,13.0,2.27,4.48,16.0,15.0,2.25,4.93,17.0,14.0,3.1,3.48,18.0,4.0,2.85,2.79,35.0,2.0
ПЛЕВЕН,"ПГ по ресторантьорство, търговия и обслужване",3.42,5.23,35.0,29.0,2.91,4.46,33.0,32.0,3.33,4.174,41.0,38.0,3.47,3.69,44.0,15.0,3.57,3.8,64.0,43.0
ПЛЕВЕН,"ПГ по строит., арх. и геод.",3.27,4.017,18.0,18.0,3.34,4.462,25.0,24.0,3.86,4.14,6.0,5.0,3.58,3.77,12.0,9.0,3.74,3.64,17.0,8.0
ПЛЕВЕН,ПГ по транспорт,2.99,4.01,42.0,28.0,2.55,3.769,51.0,38.0,2.75,4.019,41.0,38.0,3.12,2.88,30.0,7.0,3.22,3.9,56.0,11.0
ПЛЕВЕН,ПГ по туризъм Алеко Константинов,4.04,4.96,73.0,69.0,3.71,4.711,86.0,86.0,3.8,4.979,72.0,70.0,4.11,4.6,96.0,28.0,4.09,4.14,83.0,50.0
ПЛЕВЕН,ПГ по хранително-вкусови технологии,2.59,4.021,29.0,16.0,2.63,4.93,32.0,21.0,2.4,4.97,22.0,14.0,3.31,3.51,30.0,11.0,3.11,2.91,17.0,10.0
ПЛЕВЕН,Спортно у-ще Георги Бенковски,3.3,4.181,59.0,49.0,2.78,4.005,47.0,45.0,3.04,3.3,39.0,36.0,3.41,4.89,48.0,2.0,3.67,4.39,52.0,5.0
ПЛЕВЕН,СУ Анастасия Димитрова,3.73,3.089,12.0,12.0,2.41,2.7,12.0,12.0,2.95,2.32,17.0,16.0,3.34,3.32,12.0,12.0,3.92,3.96,15.0,14.0
ПЛЕВЕН,СУ Иван Вазов,4.87,4.698,114.0,113.0,4.36,4.19,106.0,109.0,4.52,4.092,98.0,98.0,4.93,5.04,80.0,80.0,5.08,4.98,51.0,51.0
ПЛЕВЕН,СУ Пейо Крачолов Яворов,3.87,3.73,16.0,15.0,3.04,3.309,14.0,13.0,3.31,3.126,17.0,17.0,3.7,3.96,26.0,26.0,3.6,3.54,15.0,15.0
ПЛЕВЕН,СУ Стоян Заимов,4.39,4.135,36.0,38.0,3.75,3.571,50.0,55.0,4.0,3.571,36.0,36.0,3.64,3.74,20.0,20.0,4.58,4.99,14.0,14.0
ПЛЕВЕН,СУ Христо Смирненски,3.65,3.366,7.0,9.0,2.77,2.515,16.0,13.0,3.03,2.98,17.0,14.0,3.41,3.65,10.0,10.0,3.52,3.86,21.0,20.0
РАЗГРАД,ГПЧЕ Екзарх Йосиф,4.91,5.073,98.0,98.0,4.64,4.862,102.0,102.0,4.52,4.725,98.0,98.0,4.75,5.06,108.0,108.0,5.15,5.28,108.0,108.0
РАЗГРАД,ПГ по икономика Робер Шуман,3.91,4.486,79.0,78.0,3.23,4.554,89.0,85.0,3.69,4.289,69.0,70.0,3.71,3.93,86.0,74.0,3.89,3.92,93.0,86.0
РАЗГРАД,ПГ по облекло,2.6,5.25,20.0,24.0,2.15,4.46,12.0,15.0,2.18,4.32,12.0,11.0,3.27,,22.0,,3.26,,16.0,
РАЗГРАД,ПГ по селско стопанство,2.34,4.667,22.0,24.0,2.17,4.048,28.0,23.0,2.31,4.61,20.0,14.0,2.93,2.96,19.0,3.0,3.0,3.17,13.0,10.0
РАЗГРАД,ПГ по транспорт и строителство,2.36,3.889,3.0,5.0,2.68,4.9,8.0,13.0,2.27,3.48,11.0,11.0,3.28,,13.0,,3.23,,17.0,
РАЗГРАД,ПГ по химични технологии и биотехнологии,3.61,5.026,25.0,22.0,2.58,4.565,31.0,25.0,2.79,4.705,28.0,27.0,3.46,5.43,24.0,2.0,3.48,3.8,22.0,4.0
РАЗГРАД,ППМГ Акад. Никола Обрешков,5.05,4.919,105.0,105.0,4.56,4.576,102.0,102.0,4.73,4.438,106.0,106.0,5.15,5.14,101.0,101.0,4.96,5.12,83.0,83.0
РАЗГРАД,Спортно у-ще - Разград,3.79,5.37,16.0,13.0,3.26,4.71,18.0,16.0,2.99,5.13,20.0,23.0,3.3,,21.0,,3.14,,21.0,
РАЗГРАД,Национална професионална техническа гимназия,3.42,4.079,118.0,116.0,3.12,3.877,89.0,84.0,3.02,3.402,96.0,90.0,3.67,4.09,104.0,47.0,3.64,3.86,84.0,61.0
РУСЕ,Английска ЕГ Гео Милев,5.32,5.489,107.0,107.0,4.73,5.039,105.0,105.0,4.73,5.129,102.0,102.0,5.11,5.41,98.0,98.0,5.11,5.6,99.0,99.0
РУСЕ,Духовно училище,3.98,3.93,8.0,6.0,2.41,3.048,4.0,5.0,2.99,2.85,4.0,4.0,3.25,3.11,3.0,3.0,3.48,3.47,1.0,3.0
РУСЕ,МГ Баба Тонка,5.32,5.389,103.0,103.0,4.95,4.977,101.0,101.0,4.98,4.832,131.0,131.0,5.19,5.54,127.0,127.0,5.26,5.33,124.0,124.0
РУСЕ,НУИ Проф. Веселин Стоянов,4.6,4.66,46.0,47.0,3.67,4.23,46.0,47.0,3.78,3.54,39.0,38.0,4.3,4.39,55.0,40.0,4.41,4.28,39.0,15.0
РУСЕ,ПГ по дървообработване и вътрешна архитектура,3.55,4.534,42.0,39.0,3.05,3.569,41.0,40.0,3.2,4.5,23.0,23.0,3.58,3.2,31.0,4.0,3.14,,18.0,
РУСЕ,ПГ по електротехника и електроника,3.89,4.733,99.0,97.0,3.47,4.956,80.0,78.0,3.68,4.929,65.0,65.0,3.73,4.23,68.0,64.0,3.99,4.28,69.0,69.0
РУСЕ,ПГ по икономика и управление,4.89,5.4,78.0,78.0,4.47,5.27,83.0,82.0,4.17,5.09,102.0,102.0,4.75,4.91,124.0,83.0,4.75,4.78,124.0,114.0
РУСЕ,ПГ по речно корабостроене и корабоплаване,3.45,3.8,36.0,30.0,2.79,3.76,51.0,44.0,2.92,4.16,34.0,31.0,3.32,3.49,45.0,35.0,3.38,3.53,66.0,58.0
РУСЕ,ПГ по механотехника,2.89,3.65,25.0,18.0,2.59,3.78,43.0,29.0,2.27,4.25,24.0,21.0,3.2,3.04,44.0,14.0,3.27,2.74,22.0,3.0
РУСЕ,ПГ по облекло,3.38,4.828,56.0,47.0,2.73,4.9,74.0,61.0,2.71,4.75,65.0,58.0,3.34,,50.0,,3.45,3.0,55.0,1.0
РУСЕ,ПГ по промишлени технологии,3.16,4.45,18.0,16.0,2.52,3.85,20.0,13.0,2.3,3.59,23.0,20.0,3.34,5.63,33.0,1.0,3.47,,28.0,
РУСЕ,ПГ по селско стопанство,2.41,4.85,11.0,9.0,2.62,4.38,23.0,21.0,2.34,2.79,14.0,12.0,3.07,3.15,22.0,20.0,3.31,3.28,10.0,10.0
РУСЕ,"ПГ по строителство, архитектура и геодезия",3.9,3.97,103.0,100.0,3.76,4.219,75.0,73.0,3.75,3.93,35.0,35.0,3.9,3.83,50.0,17.0,3.99,4.08,60.0,35.0
РУСЕ,ПГ по транспорт,3.03,4.912,29.0,21.0,2.78,5.004,32.0,27.0,3.2,5.09,24.0,26.0,3.44,4.04,28.0,3.0,3.3,5.61,39.0,1.0
РУСЕ,ПГ по туризъм,4.11,4.58,98.0,99.0,3.56,4.11,99.0,96.0,3.82,4.9,88.0,88.0,3.72,3.82,118.0,97.0,3.79,3.88,93.0,79.0
РУСЕ,Спортно у-ще Атанас Узунов,3.15,4.09,30.0,25.0,2.5,3.13,26.0,19.0,2.57,4.66,26.0,23.0,3.21,3.71,17.0,14.0,3.63,3.93,17.0,16.0
РУСЕ,СУ Васил Левски,4.35,4.646,69.0,69.0,4.16,4.339,72.0,73.0,4.04,4.207,52.0,51.0,4.68,5.01,62.0,62.0,4.48,4.95,60.0,60.0
РУСЕ,СУ Възраждане,3.98,3.752,27.0,27.0,4.04,4.169,29.0,32.0,3.94,3.474,24.0,23.0,3.92,4.06,47.0,46.0,3.89,4.03,48.0,48.0
РУСЕ,СУ за европейски езици,5.09,5.356,100.0,100.0,4.6,5.241,107.0,107.0,4.53,4.862,101.0,101.0,4.73,5.03,117.0,116.0,4.73,5.03,97.0,97.0
РУСЕ,СУ Йордан Йовков,4.26,3.564,12.0,20.0,3.72,3.7,11.0,11.0,,,,,3.96,4.16,17.0,17.0,,,,
РУСЕ,СУ с немски език Фридрих Шилер,4.93,5.366,73.0,73.0,4.46,5.567,77.0,77.0,4.43,5.041,74.0,74.0,4.75,4.94,53.0,53.0,4.95,5.18,68.0,68.0
РУСЕ,СУ Христо Ботев,4.67,4.502,76.0,79.0,4.55,4.122,83.0,87.0,4.23,3.812,77.0,77.0,4.25,4.73,64.0,63.0,4.51,4.59,45.0,46.0
РУСЕ,ЧПАГ Джордж Байрон,4.96,,1.0,,,,,,3.27,3.04,2.0,2.0,4.4,4.65,2.0,2.0,3.97,4.7,7.0,7.0
РУСЕ,Първо ЧСУ Леонардо да Винчи,4.3,4.68,9.0,10.0,3.66,3.83,11.0,12.0,3.87,4.09,5.0,5.0,4.65,5.08,7.0,7.0,4.42,5.02,9.0,9.0
СИЛИСТРА,ЕГ Пейо Яворов,4.78,4.749,67.0,70.0,4.69,5.053,73.0,73.0,4.76,5.126,54.0,54.0,4.98,5.16,57.0,57.0,5.06,5.33,48.0,48.0
СИЛИСТРА,Професионална земеделска гимназия,2.87,4.255,14.0,13.0,2.65,4.649,23.0,14.0,2.51,3.282,17.0,17.0,3.14,3.71,33.0,3.0,3.02,3.37,38.0,8.0
СИЛИСТРА,ПГ по механотехника,3.11,4.836,31.0,26.0,2.76,4.154,42.0,36.0,2.71,3.949,43.0,43.0,3.32,,44.0,,3.43,3.96,54.0,5.0
СИЛИСТРА,ПГ по производствени технологии,3.46,4.977,18.0,15.0,3.27,4.417,24.0,24.0,3.3,4.5,21.0,21.0,3.45,3.51,39.0,4.0,3.43,3.93,27.0,2.0
СИЛИСТРА,ПГ по стопанско управление,4.36,4.938,65.0,62.0,3.9,4.99,64.0,60.0,3.84,5.075,71.0,70.0,4.51,4.54,72.0,34.0,4.3,3.94,74.0,35.0
СИЛИСТРА,ПГ по строителство Пеньо Пенев,3.04,4.464,25.0,15.0,2.85,3.769,22.0,19.0,3.09,4.737,13.0,10.0,3.44,2.48,22.0,1.0,2.94,3.15,24.0,15.0
СИЛИСТРА,ПМГ Св. Климент Охридски,4.86,4.563,76.0,78.0,4.53,4.476,67.0,67.0,4.45,4.526,72.0,72.0,4.94,5.07,72.0,71.0,4.92,5.08,51.0,51.0
СИЛИСТРА,Спортно у-ще Дръстър,3.13,3.31,15.0,13.0,3.18,3.94,15.0,15.0,2.91,4.16,15.0,15.0,3.38,,19.0,,3.53,4.51,18.0,3.0
СИЛИСТРА,СУ Никола Вапцаров,3.94,3.702,15.0,18.0,3.53,3.329,20.0,22.0,3.93,3.481,20.0,19.0,4.48,4.88,19.0,19.0,4.05,4.27,44.0,46.0
СЛИВЕН,ПГ с преподаване на западни езици,5.02,4.805,148.0,150.0,4.52,5.035,151.0,153.0,4.87,5.049,153.0,152.0,5.06,5.2,109.0,111.0,5.0,5.15,125.0,126.0
СЛИВЕН,ПГ по електротехника и електроника,3.28,4.73,33.0,25.0,2.48,4.6,40.0,31.0,2.61,4.49,39.0,34.0,3.37,3.47,41.0,42.0,3.38,3.61,48.0,46.0
СЛИВЕН,ПГ по икономика Проф. д-р Димитър Табаков,4.05,5.27,126.0,120.0,3.62,5.37,114.0,111.0,3.99,5.35,88.0,86.0,4.19,4.59,88.0,76.0,4.43,4.27,72.0,51.0
СЛИВЕН,ПГ по механотехника,2.54,3.615,28.0,25.0,2.16,2.707,38.0,33.0,2.08,3.893,31.0,29.0,3.06,3.19,63.0,59.0,3.02,3.15,65.0,58.0
СЛИВЕН,Сливенска ПГ по строителство и геодезия,3.01,4.33,16.0,15.0,2.53,3.84,13.0,15.0,2.59,3.231,19.0,23.0,3.35,3.67,19.0,7.0,3.24,3.82,37.0,9.0
СЛИВЕН,ПГ по текстил и облекло Добри Желязков,3.28,4.05,19.0,17.0,2.66,3.982,13.0,14.0,2.23,4.01,15.0,11.0,3.24,3.5,24.0,14.0,3.28,3.47,32.0,8.0
СЛИВЕН,ПГ по хотелиерство и туризъм,4.06,4.525,91.0,82.0,3.59,4.45,79.0,72.0,3.54,4.302,83.0,79.0,4.32,4.36,84.0,65.0,4.05,3.98,113.0,95.0
СЛИВЕН,ППМГ Добри Чинтулов,5.02,5.067,149.0,149.0,4.7,4.8,141.0,140.0,4.76,4.699,151.0,151.0,4.77,5.12,155.0,155.0,5.14,5.25,150.0,150.0
СЛИВЕН,Спортно у-ще Димитър Рохов,3.75,4.979,36.0,36.0,3.03,5.373,36.0,34.0,2.86,3.765,24.0,22.0,3.69,3.7,32.0,5.0,3.66,3.61,33.0,1.0
СЛИВЕН,СУ Аргира Жечкова,2.0,4.28,1.0,1.0,,,,,3.14,5.57,1.0,1.0,3.82,,2.0,,,,,
СЛИВЕН,СУ Йордан Йовков,3.5,,2.0,,3.56,3.548,10.0,10.0,,,,,3.41,3.93,19.0,18.0,3.62,3.84,15.0,15.0
СЛИВЕН,СУ Константин Константинов,3.7,4.82,17.0,16.0,3.23,5.43,18.0,16.0,3.21,5.05,9.0,9.0,,,,,,,,
СЛИВЕН,СУ Хаджи Мина Пашов,3.85,3.14,15.0,14.0,2.65,2.44,11.0,11.0,2.0,2.0,1.0,1.0,3.03,3.45,1.0,1.0,2.4,,1.0,
СЛИВЕН,СУ Пейо Крачолов Яворов,4.07,4.054,25.0,27.0,3.05,3.677,32.0,31.0,3.08,3.188,22.0,21.0,3.56,3.77,50.0,50.0,3.77,3.81,25.0,25.0
СЛИВЕН,Художествена гимназия Димитър Добрович,4.33,4.32,21.0,21.0,3.97,5.02,23.0,23.0,4.1,5.18,19.0,19.0,4.38,3.47,25.0,2.0,4.53,3.4,17.0,2.0
СЛИВЕН,Хуманитарна гимназия Дамян Дамянов,4.22,4.51,38.0,36.0,3.94,4.067,24.0,24.0,4.02,4.306,21.0,21.0,4.19,4.35,21.0,21.0,4.47,4.83,25.0,25.0
СМОЛЯН,ЕГ Иван Вазов,4.87,4.719,72.0,74.0,4.63,4.834,76.0,76.0,4.61,4.702,90.0,90.0,5.08,5.1,95.0,95.0,5.06,5.19,82.0,82.0
СМОЛЯН,ПГ за приложни изкуства,4.19,4.59,11.0,10.0,3.17,4.19,8.0,8.0,3.58,4.21,11.0,11.0,3.89,,10.0,,,,,
СМОЛЯН,Професионална гимназия по икономика,4.21,4.66,46.0,45.0,3.72,4.819,52.0,51.0,3.5,4.38,41.0,39.0,4.03,4.14,81.0,51.0,4.14,4.4,40.0,30.0
СМОЛЯН,ПГ по техника и технологии,3.75,4.259,29.0,24.0,3.43,4.136,40.0,36.0,3.11,3.75,42.0,42.0,3.4,3.01,18.0,2.0,3.64,3.6,36.0,15.0
СМОЛЯН,Смолянска ПГ по туризъм и строителство,3.86,4.74,16.0,13.0,3.27,4.3,23.0,23.0,3.68,4.82,19.0,19.0,3.79,3.95,21.0,2.0,3.96,3.49,28.0,4.0
СМОЛЯН,ППМГ Васил Левски,5.1,4.903,74.0,76.0,4.78,4.556,76.0,77.0,4.87,4.739,92.0,92.0,5.12,5.21,94.0,94.0,5.09,5.16,87.0,87.0
СМОЛЯН,СУ Св. Св. Кирил и Методий,4.53,4.23,25.0,25.0,4.23,4.295,28.0,28.0,4.33,4.584,19.0,19.0,4.72,5.04,28.0,28.0,4.65,4.72,33.0,33.0
СМОЛЯН,СУ Отец Паисий,2.0,,1.0,,3.05,,1.0,,3.18,3.466,9.0,8.0,,,,,4.08,4.49,19.0,18.0
СТАРА ЗАГОРА,Вечерно СУ Захари Стоянов,3.69,3.305,15.0,15.0,3.63,2.89,22.0,23.0,2.0,,3.0,,3.48,3.56,40.0,41.0,3.59,3.73,27.0,27.0
СТАРА ЗАГОРА,ГПЧЕ Ромен Ролан,5.42,5.4,207.0,208.0,4.97,5.299,212.0,214.0,5.15,5.254,221.0,221.0,5.24,5.34,226.0,226.0,5.29,5.46,228.0,228.0
СТАРА ЗАГОРА,НУМСИ Христина Морфова,4.3,4.79,33.0,33.0,4.2,5.16,17.0,17.0,4.09,4.61,24.0,24.0,4.39,4.17,14.0,11.0,4.05,4.12,17.0,11.0
СТАРА ЗАГОРА,Национална ПГ по ветеринарна медицина,4.18,4.908,65.0,66.0,3.34,4.95,77.0,69.0,3.41,4.55,75.0,71.0,3.82,3.75,99.0,38.0,3.86,3.95,114.0,63.0
СТАРА ЗАГОРА,ПГ по електроника,3.67,4.177,88.0,79.0,3.26,4.313,79.0,66.0,3.01,3.828,61.0,60.0,3.59,4.15,55.0,55.0,3.69,3.9,58.0,59.0
СТАРА ЗАГОРА,ПГ по електротехника и технологии,3.47,4.346,48.0,38.0,2.78,4.235,60.0,59.0,2.89,3.089,29.0,29.0,3.45,3.66,47.0,45.0,3.38,3.51,45.0,45.0
СТАРА ЗАГОРА,ПГ по механотехника и транспорт,3.12,4.027,13.0,8.0,2.92,4.201,24.0,18.0,2.66,3.84,15.0,13.0,3.28,3.36,23.0,20.0,3.19,3.21,34.0,34.0
СТАРА ЗАГОРА,ПГ по облекло и хранене,3.86,4.43,86.0,84.0,3.08,4.137,91.0,89.0,2.96,3.549,53.0,53.0,3.63,3.87,90.0,8.0,3.82,4.07,61.0,14.0
СТАРА ЗАГОРА,ПГ по строителство и дървообработване,3.18,3.39,3.0,4.0,2.46,3.6,6.0,7.0,2.26,3.51,7.0,8.0,3.15,,10.0,,2.82,2.79,21.0,1.0
СТАРА ЗАГОРА,"ПГ по строителство, архитектура и геодезия",4.68,5.42,126.0,126.0,4.16,5.601,119.0,121.0,4.07,4.61,144.0,143.0,4.42,4.47,136.0,92.0,4.38,4.32,144.0,119.0
СТАРА ЗАГОРА,ППМГ Гео Милев,5.06,4.865,129.0,135.0,4.64,4.467,129.0,131.0,4.68,4.458,118.0,118.0,4.82,4.95,130.0,130.0,4.93,5.17,123.0,123.0
СТАРА ЗАГОРА,Спортно у-ще Тодор Каблешков,3.6,4.943,47.0,37.0,2.91,3.84,52.0,43.0,2.97,4.73,26.0,25.0,3.36,3.43,27.0,1.0,3.29,3.49,35.0,7.0
СТАРА ЗАГОРА,СУ Васил Левски,3.9,3.405,20.0,20.0,3.66,3.429,16.0,20.0,3.49,2.909,18.0,18.0,4.0,4.15,41.0,41.0,4.05,4.27,20.0,18.0
СТАРА ЗАГОРА,СУ Железник,3.91,3.762,25.0,25.0,2.0,2.0,2.0,1.0,2.72,3.104,12.0,12.0,3.57,3.82,20.0,21.0,3.99,4.02,7.0,7.0
СТАРА ЗАГОРА,СУ Иван Вазов,4.57,3.688,24.0,25.0,3.99,3.245,25.0,28.0,3.49,3.14,25.0,23.0,3.87,3.98,19.0,20.0,3.88,4.04,38.0,38.0
СТАРА ЗАГОРА,СУ Максим Горки,4.85,5.011,105.0,106.0,4.38,4.893,105.0,104.0,4.49,4.792,90.0,91.0,4.81,4.84,79.0,79.0,4.66,4.9,80.0,80.0
СТАРА ЗАГОРА,СУ Поп Минчо Кънчев,,3.68,,3.0,3.37,3.07,2.0,5.0,2.0,2.91,5.0,4.0,3.03,,4.0,,3.2,,3.0,
СТАРА ЗАГОРА,СУ Христо Ботев,2.0,2.4,5.0,5.0,3.86,2.79,2.0,2.0,2.49,2.42,6.0,5.0,,2.84,,1.0,3.32,3.29,18.0,15.0
СТАРА ЗАГОРА,Търговска гимназия Княз Симеон Търновски,4.88,5.775,108.0,109.0,4.46,5.67,129.0,131.0,4.49,4.748,122.0,120.0,4.89,4.65,128.0,68.0,4.98,4.64,150.0,98.0
ТЪРГОВИЩЕ,1 СУ Свети Седмочисленици,4.82,4.751,98.0,99.0,4.35,4.387,101.0,101.0,4.48,4.692,93.0,93.0,4.87,5.2,68.0,68.0,4.8,5.24,97.0,97.0
ТЪРГОВИЩЕ,2 СУ Проф. Никола Маринов,4.68,4.577,88.0,88.0,4.29,4.301,85.0,87.0,4.48,4.25,84.0,83.0,4.46,4.76,73.0,73.0,4.44,4.51,72.0,72.0
ТЪРГОВИЩЕ,ПГ по електротехника и строителство,2.66,4.54,10.0,9.0,2.48,3.511,8.0,5.0,2.49,4.76,7.0,5.0,3.1,,12.0,,3.07,3.54,19.0,10.0
ТЪРГОВИЩЕ,ПГ по земеделие,2.97,3.93,5.0,7.0,2.73,4.272,8.0,15.0,2.45,4.438,8.0,5.0,3.25,3.35,10.0,3.0,2.81,2.99,39.0,3.0
ТЪРГОВИЩЕ,ПГ по икономическа информатика,3.72,5.01,65.0,52.0,3.32,4.58,94.0,82.0,3.4,4.784,62.0,62.0,3.75,4.25,71.0,12.0,3.89,4.04,73.0,5.0
ТЪРГОВИЩЕ,ПГ по туризъм и хран.-вкусови технологии,3.1,4.39,11.0,9.0,2.99,3.07,23.0,24.0,2.56,3.4,27.0,25.0,3.36,3.55,30.0,16.0,3.54,3.66,26.0,14.0
ТЪРГОВИЩЕ,Спортно училище Никола Симов,3.7,3.62,7.0,8.0,3.36,4.58,12.0,11.0,2.59,3.44,10.0,9.0,3.08,3.48,13.0,12.0,3.14,3.29,11.0,13.0
ТЪРГОВИЩЕ,Професионална техническа гимназия,3.57,4.49,49.0,41.0,3.05,4.6,48.0,41.0,3.25,4.832,56.0,53.0,3.58,3.91,44.0,29.0,3.62,4.21,64.0,52.0
ТЪРГОВИЩЕ,Специално у-ще за ученици с увреден слух,2.0,2.0,3.0,3.0,,,,,2.55,4.77,6.0,6.0,3.01,,3.0,,3.16,,6.0,
ХАСКОВО,ЕГ Проф. д-р Асен Златаров,5.13,5.277,183.0,181.0,4.68,5.063,180.0,181.0,4.65,4.994,181.0,180.0,4.93,5.07,178.0,179.0,5.05,5.25,167.0,167.0
ХАСКОВО,ПГ по дървообработване и строителство,4.23,4.547,121.0,115.0,3.58,4.476,108.0,103.0,3.46,4.71,104.0,101.0,3.72,4.07,127.0,35.0,3.63,4.14,122.0,82.0
ХАСКОВО,ПГ по лека промишленост Райна Княгиня,2.76,3.989,7.0,6.0,2.44,3.917,8.0,8.0,2.38,3.52,15.0,11.0,2.93,2.96,19.0,16.0,3.26,3.34,18.0,16.0
ХАСКОВО,ПГ по механоелектротехника,2.92,4.67,46.0,34.0,2.64,4.81,55.0,43.0,2.33,2.37,53.0,57.0,3.02,3.25,40.0,20.0,3.2,3.48,51.0,10.0
ХАСКОВО,ПГ по транспорт и аграрни технологии,2.83,4.445,27.0,21.0,2.36,4.394,25.0,20.0,2.19,2.88,28.0,26.0,3.12,2.66,33.0,1.0,3.08,3.07,45.0,13.0
ХАСКОВО,ПГ по туризъм Александър Паскалев,3.92,4.899,50.0,43.0,3.24,4.78,63.0,49.0,2.87,4.893,109.0,95.0,3.24,3.4,77.0,19.0,3.48,3.57,101.0,73.0
ХАСКОВО,ПМГ Акад. Боян Петканчин,4.98,4.719,128.0,130.0,4.84,4.58,129.0,135.0,4.83,4.381,126.0,126.0,5.13,4.95,127.0,127.0,5.21,4.97,127.0,127.0
ХАСКОВО,Спортно у-ще Стефан Караджа,2.9,4.04,22.0,20.0,2.27,4.24,15.0,12.0,2.62,3.371,19.0,14.0,3.12,3.18,29.0,31.0,3.04,3.32,22.0,19.0
ХАСКОВО,СУ Васил Левски,3.63,3.769,25.0,23.0,2.97,3.153,13.0,13.0,3.08,3.118,21.0,20.0,3.72,4.25,22.0,23.0,3.66,4.14,22.0,21.0
ХАСКОВО,СУ Св. Паисий Хилендарски,3.89,3.678,17.0,14.0,2.0,5.22,1.0,1.0,3.54,3.08,13.0,12.0,3.49,3.48,16.0,17.0,3.51,3.78,12.0,13.0
ХАСКОВО,Финансово-стопанска гимназия Атанас Буров,3.93,5.49,135.0,118.0,3.48,5.25,133.0,125.0,3.55,5.28,124.0,124.0,3.69,4.17,117.0,24.0,4.0,3.97,138.0,45.0
ШУМЕН,Духовно училище Нювваб,3.1,2.968,22.0,20.0,2.63,2.617,26.0,26.0,2.51,2.832,22.0,22.0,3.67,4.14,28.0,27.0,3.56,3.97,21.0,21.0
ШУМЕН,ЕГ Никола Йонков Вапцаров,4.58,4.885,131.0,131.0,4.13,4.426,148.0,149.0,4.53,4.833,129.0,129.0,4.86,5.0,117.0,117.0,4.96,5.2,116.0,116.0
ШУМЕН,ПГ по икономика,3.82,4.7,107.0,99.0,3.49,4.93,103.0,99.0,3.59,4.86,95.0,93.0,3.97,4.12,138.0,137.0,4.08,4.18,121.0,119.0
ШУМЕН,"ПГ по механот., електр., телеком. и транспорт",3.12,4.63,93.0,56.0,2.77,4.03,91.0,76.0,2.69,3.733,60.0,57.0,3.5,3.85,59.0,47.0,3.33,3.57,63.0,64.0
ШУМЕН,"ПГ по облекло, хранене и химични технологии",3.28,4.45,34.0,33.0,2.67,4.031,59.0,56.0,2.68,4.532,41.0,39.0,3.64,3.55,47.0,18.0,3.53,3.64,73.0,51.0
ШУМЕН,ПГ по селско стопанство,2.63,3.548,27.0,17.0,2.29,4.38,33.0,17.0,2.4,4.72,29.0,25.0,3.14,3.5,20.0,21.0,3.03,3.35,31.0,24.0
ШУМЕН,"ПГ по строителство, архитектура и геодезия",3.16,4.378,68.0,47.0,2.71,4.596,59.0,49.0,3.08,4.663,52.0,45.0,3.23,3.63,81.0,58.0,3.38,3.66,77.0,54.0
ШУМЕН,ППМГ Нанчо Попович,5.03,4.665,130.0,130.0,4.84,4.747,127.0,128.0,4.82,4.343,131.0,131.0,4.8,5.09,128.0,128.0,5.1,5.18,129.0,129.0
ШУМЕН,СУ Васил Левски,2.59,2.42,8.0,4.0,3.09,3.166,17.0,17.0,3.36,2.951,29.0,26.0,3.35,4.25,12.0,9.0,3.62,3.96,35.0,32.0
ШУМЕН,СУ Йоан Екзарх Български,4.79,4.016,52.0,53.0,4.04,4.165,57.0,58.0,4.14,3.752,63.0,63.0,4.28,4.48,97.0,97.0,4.51,4.43,59.0,60.0
ШУМЕН,СУ Панайот Волов,4.53,4.858,60.0,60.0,3.5,3.81,65.0,68.0,4.22,3.714,37.0,38.0,3.66,4.07,51.0,51.0,4.09,4.25,64.0,64.0
ШУМЕН,СУ Сава Доброплодни,4.59,5.118,104.0,102.0,4.29,4.758,75.0,75.0,4.24,4.712,91.0,91.0,4.75,4.82,90.0,90.0,4.34,4.43,89.0,89.0
ШУМЕН,СУ Трайко Симеонов,3.69,5.07,6.0,5.0,2.4,2.47,7.0,7.0,2.14,2.3,10.0,8.0,3.38,4.27,8.0,7.0,3.29,3.71,8.0,8.0
ЯМБОЛ,Гимназия по строителство и архитектура,4.19,4.986,59.0,58.0,3.9,4.94,49.0,47.0,3.07,4.61,25.0,23.0,3.5,3.61,20.0,12.0,3.37,4.08,19.0,4.0
ЯМБОЛ,ЕГ Васил Карагьозов,4.41,4.634,75.0,73.0,4.39,4.542,54.0,55.0,4.51,4.307,68.0,68.0,4.79,5.11,43.0,43.0,4.81,4.9,47.0,47.0
ЯМБОЛ,ПГ Васил Левски,4.94,4.72,104.0,108.0,4.23,4.015,101.0,101.0,4.37,4.269,93.0,93.0,4.73,4.84,78.0,78.0,4.78,4.86,97.0,97.0
ЯМБОЛ,ПГ по земеделие Христо Ботев,3.23,5.363,15.0,9.0,3.24,4.606,7.0,6.0,2.2,4.31,19.0,19.0,3.01,3.09,34.0,5.0,2.85,2.82,37.0,2.0
ЯМБОЛ,ПГ по икономика Георги Стойков Раковски,3.72,5.17,44.0,43.0,3.52,4.94,49.0,42.0,3.43,4.8,63.0,63.0,3.97,4.82,74.0,3.0,3.98,4.58,93.0,13.0
ЯМБОЛ,"ПГ по лека пром., екология и хим. технологии",3.13,3.902,13.0,28.0,2.3,3.694,31.0,36.0,2.37,4.4,15.0,25.0,3.35,,31.0,,3.74,,17.0,
ЯМБОЛ,"ПГ по подемна, строителна и транспортна техника",3.5,3.82,10.0,21.0,3.04,4.063,13.0,19.0,2.9,4.55,12.0,10.0,2.85,2.7,51.0,1.0,2.87,2.37,38.0,1.0
ЯМБОЛ,ПГ по туризъм Алеко Константинов,3.36,4.671,20.0,19.0,2.82,4.455,19.0,20.0,3.38,4.483,24.0,23.0,3.31,2.98,27.0,2.0,3.39,3.03,38.0,1.0
ЯМБОЛ,ПМГ Атанас Радев,5.08,4.742,95.0,97.0,4.6,4.581,96.0,98.0,4.78,4.503,82.0,82.0,4.89,5.03,87.0,87.0,5.08,5.19,85.0,85.0
ЯМБОЛ,Спортно у-ще Пиер дьо Кубертен,3.88,4.08,13.0,11.0,2.66,3.95,8.0,8.0,3.67,4.7,8.0,6.0,3.87,5.92,11.0,1.0,3.87,2.68,13.0,2.0
ЯМБОЛ,СУ Св. Климент Охридски,3.53,3.478,24.0,23.0,3.3,3.397,39.0,34.0,3.15,3.598,41.0,37.0,3.86,4.07,59.0,57.0,3.98,4.28,47.0,47.0
ЯМБОЛ,Професионална техническа гимназия Иван Райнов,3.46,4.317,39.0,37.0,3.26,3.979,42.0,43.0,3.17,3.85,43.0,40.0,3.59,3.6,89.0,9.0,3.62,4.18,56.0,8.0
АЙТОС,ПГ по селско стопанство,2.77,3.52,36.0,26.0,2.36,3.42,47.0,30.0,2.44,4.38,45.0,27.0,2.88,3.3,49.0,38.0,2.9,3.36,41.0,28.0
АЙТОС,СУ Никола Вапцаров,3.95,4.471,84.0,76.0,3.48,3.751,77.0,70.0,3.67,4.294,53.0,53.0,3.76,4.17,48.0,47.0,3.69,4.05,50.0,51.0
АЙТОС,СУ Христо Ботев,4.38,4.656,52.0,49.0,3.84,3.967,57.0,55.0,3.95,4.157,74.0,74.0,4.22,4.55,77.0,75.0,4.21,4.43,69.0,68.0
АСЕНОВГРАД,ПГ Цар Иван Асен II,3.38,4.53,82.0,59.0,2.96,4.77,104.0,86.0,3.12,4.71,69.0,58.0,3.46,3.71,84.0,76.0,3.38,3.39,86.0,86.0
АСЕНОВГРАД,ПГ по хранително-вкусови технологии,3.31,4.0,23.0,18.0,2.51,3.59,27.0,26.0,2.57,3.78,23.0,22.0,3.21,3.24,27.0,27.0,3.52,3.44,43.0,16.0
АСЕНОВГРАД,ПГ Св. Патриарх Евтимий,3.33,3.028,10.0,8.0,2.41,2.988,11.0,10.0,2.28,2.96,13.0,14.0,2.66,2.94,13.0,6.0,3.07,2.62,27.0,2.0
АСЕНОВГРАД,СУ Св. Св. Кирил и Методий,4.33,4.157,111.0,108.0,3.68,3.68,100.0,108.0,4.07,3.666,93.0,93.0,4.23,4.34,119.0,119.0,4.15,4.37,115.0,115.0
АСЕНОВГРАД,СУ Св. Княз Борис I,4.58,4.36,73.0,75.0,4.06,4.118,78.0,78.0,4.36,4.103,69.0,69.0,4.73,5.1,43.0,43.0,4.47,4.58,70.0,70.0
БАНКЯ,78 СУ Христо Смирненски,4.24,4.62,22.0,21.0,3.15,3.22,15.0,15.0,3.51,3.217,31.0,30.0,3.83,4.28,19.0,18.0,3.64,3.73,31.0,31.0
БАНКЯ,ПГ по туризъм А. Константинов,3.49,4.79,85.0,74.0,3.12,4.801,86.0,73.0,3.13,4.374,78.0,75.0,3.71,4.38,91.0,9.0,3.65,4.3,83.0,24.0
БЕРКОВИЦА,Лесотехническа ПГ,3.49,3.628,31.0,28.0,3.14,4.126,31.0,33.0,2.88,2.902,26.0,27.0,3.74,4.21,28.0,24.0,3.82,3.75,33.0,31.0
БЕРКОВИЦА,ПГ Д-р Иван Панов,4.2,3.945,30.0,30.0,4.13,3.479,21.0,20.0,3.93,4.082,30.0,27.0,3.9,4.35,43.0,29.0,4.46,4.35,27.0,25.0
БОТЕВГРАД,ПГ по техника и мениджмънт,3.15,4.677,60.0,39.0,2.64,4.227,66.0,45.0,2.51,3.482,75.0,54.0,3.17,3.32,54.0,19.0,3.29,3.37,70.0,56.0
БОТЕВГРАД,ППМГ Акад. проф. д-р Асен Златаров,4.84,4.807,88.0,88.0,4.04,4.149,98.0,99.0,4.56,4.8,93.0,93.0,4.68,4.84,79.0,79.0,4.66,4.71,90.0,90.0
БОТЕВГРАД,Техническа ПГ Стамен Панчев,3.97,3.81,5.0,5.0,3.0,4.74,1.0,1.0,2.12,3.37,28.0,17.0,3.14,3.28,22.0,7.0,3.03,3.76,33.0,2.0
ВЕЛИНГРАД,Национална ПГ по горско стопанство,3.48,3.783,49.0,39.0,3.18,4.092,39.0,40.0,3.42,3.55,38.0,37.0,3.62,3.86,38.0,6.0,3.73,3.8,48.0,26.0
ВЕЛИНГРАД,ОУ Неофит Рилски,2.74,4.152,23.0,19.0,2.3,3.878,44.0,27.0,2.44,3.917,38.0,28.0,3.31,,49.0,,2.8,3.06,54.0,44.0
ВЕЛИНГРАД,ПГ по икономика и туризъм,3.42,4.113,70.0,59.0,3.41,4.443,80.0,74.0,3.48,4.206,58.0,57.0,3.61,3.66,85.0,9.0,3.61,3.94,110.0,9.0
ВЕЛИНГРАД,СУ Васил Левски,5.07,4.82,51.0,52.0,4.08,4.436,48.0,49.0,4.49,4.432,34.0,33.0,4.81,5.2,42.0,42.0,4.73,5.05,41.0,41.0
ВЕЛИНГРАД,СУ Св. Св. Кирил и Методий,4.55,4.026,73.0,73.0,4.31,4.25,60.0,61.0,4.76,4.484,75.0,75.0,4.7,4.79,68.0,69.0,4.87,4.62,58.0,58.0
ГОРНА ОРЯХОВИЦА,ПГ по електротехника и електроника,3.8,4.89,84.0,71.0,3.58,4.77,95.0,93.0,3.55,4.474,74.0,73.0,3.9,4.61,77.0,66.0,4.1,4.57,74.0,68.0
ГОРНА ОРЯХОВИЦА,ПГ по железопътен транспорт,2.94,4.233,15.0,13.0,2.46,2.9,10.0,6.0,2.73,3.01,16.0,15.0,3.2,3.85,13.0,2.0,3.12,2.76,8.0,2.0
ГОРНА ОРЯХОВИЦА,ПГ по лека промишленост и икономика,3.72,5.34,54.0,42.0,2.97,5.36,53.0,35.0,3.09,4.551,55.0,53.0,3.65,3.94,72.0,2.0,3.97,,78.0,
ГОРНА ОРЯХОВИЦА,ПГ по хранителни технологии,2.62,4.95,17.0,19.0,2.73,4.84,12.0,20.0,2.27,4.696,28.0,27.0,2.94,2.92,29.0,25.0,3.13,3.1,27.0,29.0
ГОРНА ОРЯХОВИЦА,ПТГ Васил Левски,2.69,3.22,13.0,11.0,2.58,3.15,20.0,15.0,2.54,3.06,12.0,14.0,3.07,3.21,8.0,6.0,2.99,3.16,15.0,15.0
ГОРНА ОРЯХОВИЦА,СУ Вичо Грънчаров,4.09,4.081,26.0,25.0,3.42,3.225,22.0,21.0,4.12,3.959,23.0,23.0,4.38,4.72,26.0,26.0,4.62,4.93,16.0,16.0
ГОРНА ОРЯХОВИЦА,СУ Георги Измирлиев,4.69,4.406,53.0,52.0,3.89,3.979,52.0,51.0,4.18,4.108,47.0,47.0,4.56,4.9,46.0,46.0,4.55,4.61,27.0,27.0
ГОЦЕ ДЕЛЧЕВ,Неврокопска ПГ Димитър Талев,4.32,5.424,127.0,127.0,3.68,4.986,170.0,164.0,3.74,4.76,148.0,141.0,4.09,4.07,142.0,17.0,4.07,4.59,140.0,3.0
ГОЦЕ ДЕЛЧЕВ,ПГ по мхан. на селското стоп.,4.17,5.548,52.0,51.0,3.8,5.437,35.0,35.0,2.52,4.32,37.0,34.0,3.25,2.68,78.0,4.0,3.23,4.06,34.0,2.0
ГОЦЕ ДЕЛЧЕВ,ПМГ Яне Сандански,4.92,5.036,116.0,116.0,4.55,4.542,131.0,140.0,4.48,4.273,127.0,127.0,4.75,4.98,107.0,107.0,5.06,5.18,143.0,143.0
ДИМИТРОВГРАД,Профилирана ЕГ Д-р Иван Богоров,4.46,4.215,65.0,66.0,4.03,3.86,66.0,68.0,4.22,4.351,76.0,76.0,4.44,4.85,54.0,54.0,4.54,4.78,72.0,71.0
ДИМИТРОВГРАД,ПГ Проф. д-р Асен Златаров,3.26,3.145,22.0,22.0,2.9,4.18,31.0,35.0,2.61,3.645,33.0,20.0,3.33,3.29,31.0,17.0,3.33,3.37,43.0,16.0
ДИМИТРОВГРАД,ПМГ със ЗИЧЕ Иван Вазов,4.69,4.675,88.0,90.0,4.32,4.349,95.0,95.0,4.2,4.079,94.0,94.0,4.64,4.93,68.0,68.0,4.98,5.1,70.0,70.0
ДИМИТРОВГРАД,СУ Любен Каравелов,3.63,3.384,44.0,40.0,3.06,3.325,50.0,45.0,2.77,2.636,30.0,21.0,3.3,3.69,50.0,48.0,3.48,3.66,48.0,48.0
ДУПНИЦА,ПГ по облекло и стоп. упр.,3.46,4.444,48.0,44.0,3.08,4.82,41.0,37.0,2.93,3.91,28.0,27.0,3.36,3.57,38.0,34.0,3.67,3.88,48.0,49.0
ДУПНИЦА,ПГ по транспорт,3.75,4.093,5.0,8.0,2.37,3.82,8.0,7.0,2.38,3.68,9.0,6.0,3.13,3.32,11.0,4.0,2.74,2.99,13.0,13.0
ДУПНИЦА,ПГ по хранително-вкусови технологии,3.98,5.329,41.0,41.0,2.68,4.408,46.0,47.0,2.92,4.35,26.0,25.0,3.67,3.82,37.0,24.0,3.59,3.86,40.0,23.0
ДУПНИЦА,ПГ Акад. Сергей П. Корольов,3.37,4.515,53.0,40.0,2.77,4.248,56.0,46.0,3.05,4.166,23.0,23.0,3.34,3.59,58.0,43.0,3.48,3.49,50.0,43.0
ДУПНИЦА,ПГ Христо Ботев,4.84,4.669,136.0,136.0,4.33,4.169,135.0,134.0,4.3,4.097,122.0,123.0,4.79,4.88,124.0,123.0,4.64,4.65,118.0,117.0
ДУПНИЦА,СЕУ Св. Паисий Хилендарски,4.71,4.744,50.0,50.0,4.35,4.823,48.0,48.0,4.27,4.564,43.0,43.0,4.6,4.99,51.0,51.0,4.57,4.97,25.0,25.0
ИХТИМАН,ПГ Васил Левски,2.18,2.4,23.0,14.0,2.05,3.5,28.0,16.0,2.1,2.72,39.0,29.0,2.72,2.98,30.0,3.0,2.69,2.78,43.0,9.0
ИХТИМАН,СУ Христо Ботев,4.05,4.429,47.0,43.0,3.19,3.972,48.0,46.0,3.67,3.663,58.0,50.0,3.87,4.38,54.0,48.0,3.82,3.68,39.0,42.0
КАВАРНА,Професионална земеделска гимназия,3.21,4.435,32.0,24.0,2.4,4.265,22.0,14.0,2.95,4.221,20.0,17.0,3.13,4.89,22.0,2.0,3.17,,12.0,
КАВАРНА,СУ Стефан Караджа,4.39,4.176,53.0,51.0,3.7,3.847,47.0,49.0,3.9,3.85,39.0,36.0,3.84,4.0,38.0,38.0,4.3,4.17,33.0,37.0
КАЗАНЛЪК,НУ по пласт. изк. и дизайн,4.35,5.29,46.0,47.0,4.09,5.09,46.0,46.0,4.09,5.15,42.0,42.0,4.2,,50.0,,4.3,,45.0,
КАЗАНЛЪК,ПГ Иван Хаджиенов,3.79,4.371,105.0,104.0,3.19,3.395,89.0,89.0,3.62,4.556,64.0,63.0,3.7,3.79,71.0,78.0,3.73,3.65,85.0,91.0
КАЗАНЛЪК,ПГ Акад. Петко Стайнов,4.17,4.378,2.0,5.0,2.76,4.713,3.0,3.0,3.02,2.796,5.0,3.0,3.15,3.31,11.0,6.0,3.14,3.17,9.0,4.0
КАЗАНЛЪК,ПГ по лека пром. и туризъм,3.82,4.28,64.0,58.0,2.97,4.34,45.0,34.0,3.42,4.282,58.0,55.0,3.55,3.54,65.0,53.0,3.67,3.71,85.0,60.0
КАЗАНЛЪК,ПГ по транспорт и мениджмънт,3.07,4.44,34.0,20.0,2.6,4.68,43.0,25.0,3.07,4.09,32.0,32.0,3.42,3.61,81.0,47.0,3.55,3.66,74.0,49.0
КАЗАНЛЪК,ППМГ Никола Обрешков,5.04,4.779,104.0,118.0,4.76,3.73,103.0,109.0,4.93,4.439,97.0,96.0,4.87,5.07,101.0,101.0,5.18,5.25,103.0,103.0
КАЗАНЛЪК,ПХГ Св. Св. Кирил и Методий,4.7,4.361,40.0,41.0,3.88,4.079,48.0,44.0,3.97,4.031,44.0,39.0,4.17,4.48,62.0,62.0,4.55,4.59,77.0,77.0
КАЗАНЛЪК,СУ Екзарх Антим I,4.8,4.687,81.0,85.0,4.26,4.248,80.0,79.0,4.32,4.441,98.0,98.0,4.32,4.5,87.0,87.0,4.37,4.55,67.0,67.0
КАРЛОВО,ПГ Евлогий и Христо Георгиеви,2.65,4.503,27.0,18.0,2.13,3.739,16.0,12.0,2.7,2.43,15.0,12.0,3.04,3.13,25.0,21.0,2.9,2.96,30.0,22.0
КАРЛОВО,ПГ по жп транспорт,2.78,4.212,35.0,24.0,2.5,3.913,40.0,30.0,2.71,4.56,33.0,24.0,3.24,3.22,63.0,18.0,3.08,3.09,54.0,36.0
КАРЛОВО,СУ Васил Левски,5.14,5.006,75.0,79.0,4.68,4.507,75.0,80.0,4.69,4.472,71.0,71.0,4.84,5.03,89.0,90.0,5.06,5.16,73.0,73.0
КАРЛОВО,СУ Христо Проданов,4.08,4.125,81.0,76.0,3.48,3.717,78.0,77.0,3.83,3.698,67.0,67.0,3.94,4.22,82.0,82.0,3.97,4.02,66.0,66.0
КАРНОБАТ,ПГ по селско стопанство,3.14,4.19,48.0,38.0,2.52,3.919,51.0,42.0,2.27,4.22,46.0,31.0,3.03,2.94,42.0,5.0,3.15,3.58,33.0,21.0
КАРНОБАТ,СУ Св. Св. Кирил и Методий,4.73,4.972,56.0,52.0,3.97,4.362,54.0,51.0,4.03,3.968,48.0,47.0,4.31,4.61,52.0,51.0,4.16,4.4,61.0,61.0
КАРНОБАТ,СУ Христо Ботев,4.59,4.805,50.0,49.0,3.93,4.212,54.0,53.0,3.61,3.519,63.0,62.0,3.81,4.02,69.0,70.0,4.01,4.14,56.0,57.0
КОСТИНБРОД,ПГ по ветеринарна медицина,3.76,4.9,48.0,42.0,3.12,4.847,51.0,38.0,2.75,3.85,38.0,34.0,3.36,3.88,37.0,17.0,3.45,3.75,44.0,24.0
КОСТИНБРОД,СУ Д-р Петър Перон,4.19,4.281,21.0,21.0,3.69,3.876,20.0,21.0,3.72,4.086,35.0,34.0,4.37,4.64,20.0,19.0,4.17,4.4,18.0,18.0
ЛОМ,ПГ Найден Геров,4.46,4.224,41.0,49.0,4.05,3.216,42.0,48.0,4.23,3.665,43.0,43.0,4.53,4.59,37.0,37.0,4.66,5.0,42.0,41.0
ЛОМ,ПГ по произв. технологии,3.85,5.049,27.0,30.0,3.74,5.054,26.0,27.0,3.73,4.325,12.0,14.0,3.57,3.43,43.0,45.0,3.93,3.79,45.0,46.0
ЛОМ,ПГ по хранене и земеделие,3.76,3.694,8.0,7.0,2.97,4.14,20.0,16.0,3.06,4.07,24.0,20.0,3.42,2.97,40.0,11.0,3.36,2.94,25.0,6.0
ЛОМ,СУ Димитър Маринов,4.19,4.421,18.0,17.0,3.48,4.206,24.0,25.0,4.39,4.762,20.0,20.0,4.48,4.83,29.0,29.0,4.43,4.52,35.0,35.0
ЛОМ,СУ Отец Паисий,3.93,5.73,2.0,1.0,2.55,2.806,3.0,3.0,2.97,4.11,4.0,4.0,3.27,3.26,4.0,4.0,3.5,3.46,5.0,5.0
ЛУКОВИТ,ПГ по селско стопанство,3.23,4.248,42.0,37.0,2.95,4.492,48.0,39.0,3.43,4.216,40.0,40.0,3.45,3.66,33.0,5.0,3.61,2.87,28.0,7.0
ЛУКОВИТ,СУ Алеко Константинов,3.08,3.889,31.0,33.0,2.67,2.315,41.0,32.0,2.48,2.403,27.0,22.0,3.59,3.62,49.0,54.0,4.09,3.83,48.0,54.0
НЕСЕБЪР,ПГ по туризъм,2.87,3.63,50.0,40.0,2.48,3.299,46.0,41.0,2.85,4.059,65.0,57.0,3.1,3.27,80.0,15.0,3.06,3.11,73.0,22.0
НЕСЕБЪР,СУ Любен Каравелов,4.23,4.345,47.0,46.0,3.46,3.985,52.0,51.0,4.3,4.555,49.0,49.0,4.05,4.8,42.0,42.0,4.19,4.66,50.0,50.0
НОВА ЗАГОРА,ПГ по селско стопанство,2.32,4.1,15.0,14.0,2.09,4.11,22.0,14.0,2.26,4.108,31.0,24.0,3.09,3.73,36.0,1.0,3.16,3.26,29.0,10.0
НОВА ЗАГОРА,ПГ по техника и технологии,3.5,4.525,44.0,36.0,2.93,4.188,33.0,23.0,2.86,3.5,42.0,42.0,3.44,4.15,15.0,13.0,3.74,4.29,53.0,56.0
НОВА ЗАГОРА,СУ Иван Вазов,2.26,2.43,5.0,3.0,2.0,2.0,4.0,4.0,2.71,2.0,5.0,4.0,3.49,3.44,13.0,13.0,,,,
НОВА ЗАГОРА,СУ Христо Ботев,4.56,4.87,74.0,74.0,4.07,4.246,67.0,67.0,4.2,4.619,70.0,70.0,4.46,4.67,80.0,80.0,4.77,5.18,52.0,52.0
НОВИ ИСКЪР,170 СУ Васил Левски,3.92,4.405,46.0,46.0,3.76,3.564,38.0,36.0,3.85,3.781,29.0,29.0,4.13,4.34,38.0,38.0,4.03,3.95,39.0,41.0
НОВИ ПАЗАР,ПГ по селско стопанство,2.2,3.56,17.0,6.0,2.07,3.569,16.0,10.0,2.13,3.77,11.0,6.0,2.65,2.78,10.0,12.0,3.0,3.42,15.0,14.0
НОВИ ПАЗАР,ПГ по химични технологии,2.56,2.0,13.0,11.0,2.29,3.93,12.0,18.0,2.06,2.0,17.0,16.0,3.21,3.15,9.0,10.0,3.19,3.24,12.0,12.0
НОВИ ПАЗАР,СУ Васил Левски,2.96,2.667,34.0,31.0,2.91,3.167,38.0,34.0,3.32,3.663,52.0,52.0,3.96,4.14,41.0,40.0,3.68,3.88,36.0,35.0
НОВИ ПАЗАР,СУ Хан Исперих,3.71,4.014,24.0,24.0,3.7,4.313,26.0,24.0,3.0,3.215,32.0,32.0,3.49,3.75,25.0,25.0,3.49,3.98,18.0,18.0
ПАНАГЮРИЩЕ,ПГ по индустриални техн.,3.43,5.2,83.0,65.0,2.9,5.014,68.0,59.0,2.8,4.419,30.0,25.0,3.53,3.63,71.0,17.0,3.73,3.57,65.0,21.0
ПАНАГЮРИЩЕ,СУ Нешо Бончев,4.88,4.335,66.0,66.0,4.48,3.93,47.0,49.0,4.6,4.132,65.0,65.0,5.12,5.27,45.0,45.0,4.98,5.26,40.0,40.0
ПЕТРИЧ,ПГ Пейо К. Яворов,4.88,4.773,130.0,132.0,4.18,4.072,129.0,130.0,4.27,4.729,122.0,121.0,4.45,4.56,127.0,129.0,4.71,4.73,124.0,123.0
ПЕТРИЧ,ПГ по икономика и туризъм,3.81,5.26,117.0,98.0,3.2,5.13,120.0,99.0,3.3,5.03,107.0,100.0,3.59,3.78,100.0,15.0,3.88,3.6,95.0,20.0
ПЕТРИЧ,ПГ по механоелектротехника,2.94,3.545,44.0,31.0,2.45,4.19,36.0,22.0,2.73,3.82,40.0,32.0,3.34,3.25,43.0,39.0,3.06,3.38,47.0,38.0
ПЕТРИЧ,СУ Антон Попов,2.26,2.0,10.0,1.0,2.1,2.0,11.0,6.0,,,,,2.89,2.49,3.0,3.0,3.39,3.45,10.0,9.0
ПЕТРИЧ,СУ Никола Вапцаров,4.49,4.263,50.0,50.0,4.17,4.621,52.0,52.0,3.97,4.746,44.0,43.0,4.79,4.74,26.0,26.0,4.43,4.61,26.0,26.0
ПЕЩЕРА,ПГ по хран.-вк. технологии,3.6,5.102,35.0,32.0,2.92,4.934,36.0,32.0,2.77,4.88,26.0,17.0,3.37,3.41,20.0,15.0,3.24,3.4,26.0,12.0
ПЕЩЕРА,СУ Св. Климент Охридски,3.91,4.193,20.0,20.0,4.12,4.552,22.0,21.0,3.43,3.398,14.0,13.0,3.86,4.59,17.0,17.0,3.79,4.15,20.0,20.0
ПОМОРИЕ,ПГ по туризъм,3.1,4.477,21.0,17.0,2.58,4.92,23.0,19.0,2.51,4.96,21.0,17.0,3.27,3.12,54.0,29.0,3.32,3.47,61.0,61.0
ПОМОРИЕ,СУ Иван Вазов,3.6,3.587,21.0,25.0,3.88,3.778,24.0,24.0,4.18,4.272,25.0,25.0,4.23,4.5,26.0,26.0,4.38,4.8,23.0,24.0
ПОПОВО,ПГ по селско стопанство,3.44,4.98,96.0,88.0,3.0,5.065,86.0,72.0,2.71,4.799,67.0,62.0,3.62,5.07,81.0,1.0,3.58,,92.0,
ПОПОВО,ПГ по техника,3.8,4.763,15.0,24.0,3.43,5.63,33.0,31.0,3.66,5.27,11.0,26.0,3.34,,13.0,,3.45,,30.0,
ПОПОВО,ПГ Христо Ботев,4.61,4.901,58.0,57.0,4.58,4.979,52.0,53.0,4.47,5.14,54.0,54.0,4.73,5.27,74.0,73.0,4.51,5.26,44.0,45.0
ПРАВЕЦ,ГПЧЕ Алеко Константинов,4.32,3.984,53.0,54.0,3.98,4.225,74.0,74.0,4.13,4.066,56.0,54.0,4.03,4.6,64.0,51.0,4.5,4.97,72.0,60.0
ПРАВЕЦ,НПГ по КТС,4.7,5.29,135.0,135.0,4.11,4.87,142.0,142.0,4.26,4.9,131.0,131.0,4.28,4.73,125.0,56.0,4.42,4.91,142.0,62.0
ПРОВАДИЯ,ПГ по селско стопанство,2.56,3.631,68.0,48.0,2.3,3.339,56.0,45.0,2.46,3.576,39.0,33.0,3.28,2.67,62.0,10.0,3.02,2.88,97.0,12.0
ПРОВАДИЯ,ПГ по хотелиерство,2.53,3.2,30.0,15.0,2.23,2.52,29.0,12.0,2.4,2.79,36.0,28.0,3.15,3.69,34.0,4.0,3.08,,29.0,
ПРОВАДИЯ,СУ Димитър Благоев,4.26,3.871,46.0,48.0,4.07,4.163,53.0,54.0,3.91,3.993,44.0,43.0,4.33,4.64,49.0,48.0,4.15,4.52,49.0,49.0
ПЪРВОМАЙ,ПГ по селско стопанство,3.23,4.678,48.0,45.0,3.09,4.888,52.0,46.0,3.01,4.68,44.0,44.0,3.43,3.01,56.0,10.0,3.6,3.45,47.0,22.0
ПЪРВОМАЙ,СУ Асен Златаров,4.21,3.943,55.0,64.0,3.86,3.67,60.0,61.0,4.1,4.174,48.0,48.0,4.76,4.88,21.0,21.0,4.72,5.04,24.0,24.0
РАДНЕВО,ПГ Св. Иван Рилски,2.87,4.53,36.0,19.0,2.49,4.192,45.0,25.0,2.63,5.33,44.0,34.0,3.22,4.09,80.0,5.0,3.32,3.0,78.0,7.0
РАДНЕВО,СУ Гео Милев,3.69,4.382,36.0,34.0,3.59,3.849,37.0,37.0,3.99,4.191,41.0,40.0,4.05,4.46,23.0,25.0,4.05,4.22,24.0,26.0
РАДОМИР,ПГ по транспорт,2.71,4.52,13.0,10.0,2.75,4.245,13.0,11.0,2.62,4.41,11.0,8.0,2.97,2.93,24.0,11.0,3.14,3.43,26.0,13.0
РАДОМИР,СУ Св. Св. Кирил и Методий,4.4,4.383,44.0,42.0,3.57,3.95,31.0,31.0,4.04,4.313,40.0,40.0,4.35,4.78,28.0,28.0,4.56,4.73,37.0,37.0
РАДОМИР,Техническа ПГ Никола Вапцаров,3.75,4.46,21.0,21.0,2.91,4.41,20.0,18.0,3.11,4.45,24.0,20.0,3.62,3.34,28.0,30.0,3.53,3.43,31.0,33.0
РАКОВСКИ,ПГ Петър Парчевич,2.91,4.117,52.0,44.0,2.17,3.697,29.0,17.0,2.35,2.55,50.0,41.0,3.2,3.69,57.0,27.0,3.26,3.37,57.0,25.0
САМОКОВ,ПГ Константин Фотинов,4.86,4.834,61.0,60.0,4.51,4.525,58.0,58.0,4.6,4.568,50.0,47.0,4.85,5.19,46.0,46.0,4.72,5.01,70.0,70.0
САМОКОВ,ПГ по туризъм,3.18,3.836,18.0,18.0,2.87,4.737,23.0,19.0,2.6,3.75,6.0,4.0,3.14,3.46,22.0,22.0,3.45,3.6,17.0,17.0
САМОКОВ,ПТГ Никола Вапцаров,4.28,4.92,60.0,59.0,3.72,4.37,70.0,70.0,3.94,4.55,58.0,56.0,4.38,4.63,56.0,58.0,4.19,4.38,76.0,76.0
САМОКОВ,Спортно у-ще Никола Велчев,3.74,5.24,15.0,15.0,3.15,5.54,15.0,13.0,3.34,4.6,14.0,13.0,3.82,4.61,16.0,5.0,3.07,3.97,12.0,5.0
САМОКОВ,СУ Отец Паисий,4.19,4.147,25.0,25.0,3.72,3.91,49.0,48.0,3.86,3.759,28.0,28.0,4.08,4.47,43.0,42.0,3.91,3.67,27.0,27.0
САНДАНСКИ,Вечерна профилирана гимназия,,,,,2.32,2.741,11.0,7.0,2.43,,7.0,,2.93,3.16,18.0,15.0,3.03,3.17,15.0,15.0
САНДАНСКИ,Земеделска професионална гимназия,4.37,4.984,140.0,140.0,3.88,4.526,141.0,131.0,4.13,5.013,132.0,131.0,4.2,4.0,130.0,38.0,3.98,4.11,122.0,101.0
САНДАНСКИ,ПГ Яне Сандански,4.25,4.183,90.0,93.0,3.84,3.654,106.0,113.0,3.95,4.107,80.0,77.0,4.31,4.38,115.0,119.0,4.47,4.49,105.0,112.0
САНДАНСКИ,Спортно училище,3.66,4.81,20.0,20.0,2.85,4.57,18.0,14.0,2.35,4.2,10.0,10.0,3.64,,14.0,,3.54,2.8,14.0,2.0
САНДАНСКИ,Професионална техническа гимназия,,,,,2.22,2.95,14.0,11.0,2.8,2.98,12.0,11.0,3.28,3.32,19.0,15.0,3.06,3.15,10.0,8.0
СВИЛЕНГРАД,ПГ по селско стопанство,4.16,5.176,46.0,45.0,3.51,5.09,49.0,44.0,3.37,5.39,37.0,34.0,3.83,,44.0,,3.74,3.56,59.0,6.0
СВИЛЕНГРАД,СУ Д-р Петър Перон,4.37,4.136,50.0,53.0,4.44,4.588,52.0,50.0,4.1,4.421,56.0,56.0,4.39,4.86,58.0,58.0,4.54,4.78,55.0,55.0
СВИЩОВ,Свищовска ПГ Алеко Константинов,3.38,4.515,39.0,32.0,3.03,4.386,50.0,45.0,2.82,4.508,26.0,25.0,3.53,3.45,38.0,6.0,3.19,2.68,52.0,7.0
СВИЩОВ,СУ Димитър Благоев,4.3,4.42,78.0,78.0,3.89,4.408,59.0,63.0,3.78,3.529,65.0,65.0,4.19,4.84,43.0,43.0,4.28,4.86,29.0,29.0
СВИЩОВ,СУ Николай Катранов,4.91,4.552,49.0,51.0,4.44,4.364,51.0,50.0,4.45,4.669,52.0,52.0,4.71,5.23,23.0,23.0,4.8,5.21,37.0,37.0
СВИЩОВ,СУ Цветан Радославов,3.84,3.132,11.0,13.0,3.53,3.162,14.0,14.0,3.76,3.325,18.0,17.0,3.53,3.67,14.0,14.0,3.78,4.38,13.0,14.0
СВИЩОВ,ПДТГ Димитър Хадживасилев,3.73,5.36,32.0,27.0,3.5,5.34,20.0,17.0,3.67,5.65,28.0,28.0,4.08,3.6,47.0,2.0,4.06,4.16,57.0,20.0
СВОГЕ,ПГ Велизар Пеев,4.21,5.16,83.0,83.0,3.91,5.34,92.0,92.0,4.08,4.97,66.0,62.0,4.15,3.96,95.0,5.0,4.06,4.89,77.0,10.0
СВОГЕ,СУ Иван Вазов,4.72,4.4,12.0,13.0,4.25,3.9,11.0,11.0,4.53,4.501,24.0,23.0,4.27,4.4,24.0,22.0,4.6,4.93,17.0,17.0
СЕВЛИЕВО,ПГ Марин Попов,3.08,3.465,13.0,13.0,2.22,2.6,15.0,11.0,2.43,3.31,16.0,14.0,3.09,3.14,12.0,13.0,2.84,2.83,14.0,15.0
СЕВЛИЕВО,ПГ по механоелектротехника,3.54,4.36,88.0,82.0,3.11,4.28,86.0,81.0,3.33,4.21,65.0,65.0,3.66,4.02,71.0,70.0,3.85,3.95,79.0,79.0
СЕВЛИЕВО,СУ Васил Левски,4.77,4.736,75.0,76.0,4.39,4.363,71.0,72.0,4.26,4.065,63.0,63.0,4.65,4.85,55.0,55.0,4.77,4.91,61.0,61.0
СТАМБОЛИЙСКИ,СУ Отец Паисий,3.33,3.221,21.0,20.0,2.72,3.437,9.0,8.0,3.01,3.728,22.0,18.0,3.38,3.27,12.0,12.0,3.19,3.2,9.0,10.0
ТРОЯН,НУПИ Проф. Венко Колев,4.31,4.46,24.0,24.0,3.93,4.27,20.0,20.0,3.9,4.83,21.0,21.0,3.97,,21.0,,4.19,,14.0,
ТРОЯН,ПГ по механоелектротехника,2.93,4.17,35.0,29.0,2.57,4.61,26.0,23.0,2.78,4.09,38.0,36.0,3.14,4.06,32.0,5.0,3.18,4.36,36.0,7.0
ТРОЯН,СУ Васил Левски,4.61,5.116,67.0,67.0,4.25,4.781,75.0,75.0,4.31,4.696,68.0,68.0,4.52,4.96,87.0,72.0,5.1,5.23,69.0,62.0
ТРОЯН,СУ Св. Климент Охридски,4.26,4.575,54.0,54.0,3.71,4.516,43.0,43.0,4.31,4.347,34.0,34.0,4.37,4.4,37.0,37.0,4.35,4.51,33.0,33.0
ХАРМАНЛИ,ПГ по електропромишленост,3.03,4.17,32.0,19.0,2.51,4.26,23.0,16.0,2.3,3.956,28.0,20.0,3.3,2.64,17.0,6.0,3.32,5.4,18.0,2.0
ХАРМАНЛИ,СУ Неофит Рилски,4.04,3.949,71.0,67.0,3.47,3.781,53.0,49.0,3.49,3.441,63.0,58.0,3.84,4.26,68.0,67.0,4.23,5.05,78.0,77.0
ЧЕРВЕН БРЯГ,ПГ по механоелектротехника,3.33,4.6,38.0,33.0,2.9,3.989,44.0,34.0,3.12,4.17,26.0,25.0,3.28,3.43,38.0,5.0,3.3,3.58,35.0,6.0
ЧЕРВЕН БРЯГ,ПГ по хранителни технологии,2.71,3.94,14.0,12.0,2.59,4.44,18.0,14.0,2.79,3.75,22.0,19.0,3.27,3.36,25.0,10.0,3.04,2.88,19.0,8.0
ЧЕРВЕН БРЯГ,СУ Д-р Петър Перон,4.77,4.451,43.0,45.0,3.94,4.082,34.0,34.0,4.37,4.157,49.0,49.0,5.04,5.03,25.0,25.0,4.3,4.39,26.0,26.0
ЧЕРВЕН БРЯГ,Търговска гимназия,3.99,4.29,29.0,26.0,3.47,4.46,16.0,13.0,3.71,4.43,17.0,17.0,3.98,3.94,34.0,28.0,3.87,3.71,46.0,43.0
ЧИРПАН,ПГ по селско стопанство,3.05,4.589,30.0,27.0,3.15,4.58,40.0,38.0,3.16,4.543,45.0,45.0,3.28,4.03,36.0,6.0,3.42,4.13,46.0,6.0
ЧИРПАН,СУ Пейо Крачолов Яворов,4.21,4.29,52.0,54.0,4.23,4.517,52.0,49.0,4.25,4.351,52.0,51.0,4.12,4.57,54.0,53.0,4.37,4.72,43.0,43.0
